Cites,Authors,Title,Year,Source,Publisher,ArticleURL,CitesURL,GSRank,QueryDate,Type,DOI,ISSN,CitationURL,Volume,Issue,StartPage,EndPage,ECC,CitesPerYear,CitesPerAuthor,AuthorCount,Age,Abstract,FullTextURL,RelatedURL
0,"A Issaka, AJ Cameron, Y Paradies, JB Kiwallo…","Associations between obesity indices and both type 2 diabetes and impaired fasting glucose among West African adults: Results from WHO STEPS surveys",2021,"Nutrition, Metabolism …","Elsevier","https://www.sciencedirect.com/science/article/pii/S0939475321002519","",1,"2021-07-31 10:57:06","","","","",,,,,0,0.00,0,5,1,"… Associations between obesity indices and both type 2 diabetes and impaired fasting glucose among West African adults: Results from WHO STEPS surveys … Keywords. Type 2 diabetes. Impaired fasting glucose. Obesity indices. West Africa. Introduction …","",""
0,"KO Inaku, ID Nnakenyi, LC Imohc…","… The Knowledge, Attitude And Practice (KAP) of Prediabetes Management Among Healthcare Providers in Four Tertiary Hospitals In Nigeria: An Observational-Based …",2021,"… in Bioscience and …","journals.aiac.org.au","http://www.journals.aiac.org.au/index.php/ABCMED/article/view/6533","",2,"2021-07-31 10:57:06","","","","",,,,,0,0.00,0,4,1,"… risk for developing diabetes.(1) There are two states of prediabe- tes namely: impaired fasting glucose (IFG) and … 9 Harcourt, Nigeria was reported to be 17% and 4% using the International Society for … 5) While in an- other study involving adults in a rural Nigerian population, the …","https://www.journals.aiac.org.au/index.php/ABCMED/article/viewFile/6533/4552","https://scholar.google.com/scholar?q=related:5q1Aa2Wyy9EJ:scholar.google.com/&scioq=%22impaired+fasting+glucose%22+nigeria&hl=en&as_sdt=0,5&as_ylo=2021&as_yhi=2021&as_vis=1"
0,"S Wang, W Li, Y Qiao, S Wang, T Zhang…","Abnormal glucose in pre‐school children and the association with obesity/physical activity: A large population‐based study",2021,"Diabetes/Metabolism …","Wiley Online Library","https://onlinelibrary.wiley.com/doi/abs/10.1002/dmrr.3442","",3,"2021-07-31 10:57:06","","10.1002/dmrr.3442","","",,,,,0,0.00,0,6,1,"… Prevalence and risk factors of impaired fasting glucose and diabetes among Chinese children and adolescents: a national observational study … AO, Ejeh NM, Nwonu EN, Okafor CO, Udeh NJ, Ludvigsson J. Prevalence and clinical picture of IDDM in Nigerian Igbo schoolchildren …","","https://scholar.google.com/scholar?q=related:vkJIN2yfmPQJ:scholar.google.com/&scioq=%22impaired+fasting+glucose%22+nigeria&hl=en&as_sdt=0,5&as_ylo=2021&as_yhi=2021&as_vis=1"
0,"D Thadani, K Jawa, S Mahawar…","EVALUATION OF SERUM MAGNESIUM LEVEL IN PREDIABETIC SUBJECTS IN INDIAN POPULATION.",2021,"Indian Journal of Scientific …","go.gale.com","https://go.gale.com/ps/i.do?id=GALE%7CA653487180&sid=googleScholar&v=2.1&it=r&linkaccess=abs&issn=09762876&p=AONE&sw=w","",4,"2021-07-31 10:57:06","","","","",,,,,0,0.00,0,4,1,"… Increased mortality risks of prediabetes (impaired fasting glucose) in Taiwan … Relationship between Blood Pressure, Blood Glucose and Body Mass Index and Coexisting Prehypertension and Prediabetes among Rural Adults in Niger Delta Region, Nigeria. BJMMR, 9(7): 1-12 …","","https://scholar.google.com/scholar?q=related:QPezmqUxpWwJ:scholar.google.com/&scioq=%22impaired+fasting+glucose%22+nigeria&hl=en&as_sdt=0,5&as_ylo=2021&as_yhi=2021&as_vis=1"
0,"F Agbozo, A Abubakari, F Zotor, A Jahn","Gestational Diabetes Mellitus per Different Diagnostic Criteria, Risk Factors, Obstetric Outcomes and Postpartum Glycemia: A Prospective Study in Ghana",2021,"Clinics and Practice","mdpi.com","https://www.mdpi.com/1099672","",5,"2021-07-31 10:57:06","","","","",,,,,0,0.00,0,4,1,"… At 12 weeks postpartum, impaired fasting glucose (6.1–6.9 mmol/L) and diabetes (FPG ≥7.0 mmol/L) were measured for 100 women … At 12 weeks postpartum, 15% had impaired fasting glucose, and 5% had diabetes. Tackling modifiable risk factors is crucial for prevention …","https://www.mdpi.com/2039-7283/11/2/39/pdf","https://scholar.google.com/scholar?q=related:HxjQw99yn68J:scholar.google.com/&scioq=%22impaired+fasting+glucose%22+nigeria&hl=en&as_sdt=0,5&as_ylo=2021&as_yhi=2021&as_vis=1"
1,"L Slama, BW Barrett, AG Abraham, FJ Palella Jr…","Risk for incident diabetes is greater in prediabetic men with HIV than without HIV",2021,"AIDS","journals.lww.com","https://journals.lww.com/aidsonline/Fulltext/2021/08010/Risk_for_incident_diabetes_is_greater_in.9.aspx","https://scholar.google.com/scholar?cites=16906105716961885169&as_sdt=2005&sciodt=0,5&hl=en",6,"2021-07-31 10:57:06","","","","",,,,,1,1.00,0,5,1,"Background: Diabetes mellitus is a major comorbidity in people with HIV (PWH). Hyperglycemia belo.","","https://scholar.google.com/scholar?q=related:8bu2wpONnuoJ:scholar.google.com/&scioq=%22impaired+fasting+glucose%22+nigeria&hl=en&as_sdt=0,5&as_ylo=2021&as_yhi=2021&as_vis=1"
0,"V Bhalavi, MA Atram, G Soyam","Prevalence and association of cardiometabolic risk factors with sociodemographic variables amongst teenagers of rural population of central India",2021,"Chronic Diseases Journal","cdjournal.muk.ac.ir","http://cdjournal.muk.ac.ir/index.php/cdj/article/download/621/293","",7,"2021-07-31 10:57:06","PDF","","","",,,,,0,0.00,0,3,1,"… The prevalence of cardiometabolic risk factors, including low level of high-density lipoprotein cholesterol (HDLC) and impaired fasting glucose (IFG), were found to be 58.3% (95% CI: 53.4-63.0) and 13.8% (95% CI: 10.7-17.5), respectively …","http://cdjournal.muk.ac.ir/index.php/cdj/article/download/621/293",""
0,"N Drobek, P Sowa, P Jankowski, M Haberka…","Undiagnosed Diabetes and Prediabetes in Patients with Chronic Coronary Syndromes—An Alarming Public Health Issue",2021,"Journal of clinical …","mdpi.com","https://www.mdpi.com/2077-0383/10/9/1981","",8,"2021-07-31 10:57:06","","","","",,,,,0,0.00,0,5,1,"… revascularization, were examined (71.4% men). The diagnosis of DM, impaired fasting glucose (IFG), impaired glucose tolerance (IGT) have been made according to World Health Organization (WHO) criteria. Based on the oral …","https://www.mdpi.com/2077-0383/10/9/1981/pdf","https://scholar.google.com/scholar?q=related:DRuo21tmBUoJ:scholar.google.com/&scioq=%22impaired+fasting+glucose%22+nigeria&hl=en&as_sdt=0,5&as_ylo=2021&as_yhi=2021&as_vis=1"
0,"IA Odeniyi, UB Odife, OA Fasanmade…","Surrogate markers and predictors of insulin resistance in Nigeria patients with Type 2 diabetes mellitus: A cross sectional study",2021,"Journal of Clinical …","jcsjournal.org","https://www.jcsjournal.org/article.asp?issn=2468-6859;year=2021;volume=18;issue=2;spage=90;epage=97;aulast=Odeniyi","",9,"2021-07-31 10:57:06","HTML","","","",,,,,0,0.00,0,4,1,"… In contrast, persons with DM, impaired fasting glucose, hypertension, age outside the range of 30 and 60 years, liver … Insulin resistance in semi-Urban South Western Nigeria and It's relationship with indices of obesity. Nigerian Endocrine Practice 2012;6:1-3. Back to cited text no …","https://www.jcsjournal.org/article.asp?issn=2468-6859;year=2021;volume=18;issue=2;spage=90;epage=97;aulast=Odeniyi","https://scholar.google.com/scholar?q=related:9ZEBC30-jJ8J:scholar.google.com/&scioq=%22impaired+fasting+glucose%22+nigeria&hl=en&as_sdt=0,5&as_ylo=2021&as_yhi=2021&as_vis=1"
0,"SA Chelaru, D Catrinoiu, I Ion","1-Hour post-load glycemic value in risk population: a better tool for type 2 diabetes screening?",2021,"Romanian Journal of Diabetes Nutrition …","rjdnmd.org","http://www.rjdnmd.org/index.php/RJDNMD/article/view/934","",10,"2021-07-31 10:57:06","","","","",,,,,0,0.00,0,3,1,"… In the analysis of risk factors present in the study group, pre-diabetes was identified in 36.2% of patients, exclusively characterized by impaired fasting glucose. The values of FIND RISC score were much higher in the study group than in the control group …","https://www.rjdnmd.org/index.php/RJDNMD/article/download/934/601","https://scholar.google.com/scholar?q=related:oo9OeW4r_u4J:scholar.google.com/&scioq=%22impaired+fasting+glucose%22+nigeria&hl=en&as_sdt=0,5&as_ylo=2021&as_yhi=2021&as_vis=1"
0,"TH RAIMI, BF DELE-OJO, SA DADA…","Lack of Excess Cardiovascular Risks among First Degree Relatives of Persons with Diabetes Mellitus: Is Lifestyle the Cause?",2021,"Journal of Clinical & …","search.ebscohost.com","http://search.ebscohost.com/login.aspx?direct=true&profile=ehost&scope=site&authtype=crawler&jrnl=0973709X&AN=148789201&h=aby9pBc%2FnUXy%2FVNMElxC2sQY6iB1e25atY1HdtgNO2LPbXlU%2BAmKokN2MD8nitAFH0TFW2PR9qtRpJIFP7w2%2BA%3D%3D&crl=c","",11,"2021-07-31 10:57:06","","","","",,,,,0,0.00,0,4,1,"… Our finding is consistent with a Nigerian study which compared metabolic variables of people … their first-degree relatives with metabolic syndrome in Benin City, Nigeria: A cross … People [12] with impaired glucose tolerance and impaired fasting glucose are similarly susceptible to …","","https://scholar.google.com/scholar?q=related:zyKRmfGO18AJ:scholar.google.com/&scioq=%22impaired+fasting+glucose%22+nigeria&hl=en&as_sdt=0,5&as_ylo=2021&as_yhi=2021&as_vis=1"
0,"F Hoque","Serum Ferritin Level and its Relation with Glycemic Status in People with Prediabetes",2021,"Sch J App Med Sci","saspublishers.com","https://saspublishers.com/media/articles/SJAMS_94_621-628.pdf","",12,"2021-07-31 10:57:06","PDF","","","",,,,,0,0.00,0,1,1,"… Prediabetes: IFG=Impaired fasting glucose, IGT= Impaired glucose tolerance and IFG+ IGT; NGT= Normal Glucose Tolerance; DM= Diabetes Mellitus; By Student's t- test and Chi Square test, Statistical significance stands for Prediabetes vs … Nigerian journal of clinical practice …","https://saspublishers.com/media/articles/SJAMS_94_621-628.pdf","https://scholar.google.com/scholar?q=related:agMzbP35FqsJ:scholar.google.com/&scioq=%22impaired+fasting+glucose%22+nigeria&hl=en&as_sdt=0,5&as_ylo=2021&as_yhi=2021&as_vis=1"
0,"B Hauwa, NK Nnamah, O Taofeeq, SK Bello…","Assessing cardiovascular status using biomarkers and anthropometry among patients with Type-2 Diabetes in a resource limited setting",2021,"Annals of Medical …","annalsmls.org","https://annalsmls.org/index.php/amls/article/view/19","",13,"2021-07-31 10:57:06","HTML","","","",,,,,0,0.00,0,5,1,"… Health Sciences, Bayero University Kano, Nigeria; Dankoli S. Usman Department of Physiotherapy, General Hospital Dutse, Jigawa State, Nigeria … C., Hartnett S., Hanley AJ, Rewers MJ, Wagenknecht LE, Karter AJ and Haffner SM (2013) Impaired fasting glucose and impaired …","https://annalsmls.org/index.php/amls/article/view/19","https://scholar.google.com/scholar?q=related:Famt_Dz8PXwJ:scholar.google.com/&scioq=%22impaired+fasting+glucose%22+nigeria&hl=en&as_sdt=0,5&as_ylo=2021&as_yhi=2021&as_vis=1"
0,"AN Onyiriuka, E Ayinbuomwan, EU Eyo-Ita","New-onset type 1 diabetes mellitus in an adolescent boy with glucose-6-phosphate dehydrogenase deficiency",2021,"Romanian Journal of …","rjdnmd.org","http://rjdnmd.org/index.php/RJDNMD/article/view/803","",14,"2021-07-31 10:57:06","","","","",,,,,0,0.00,0,3,1,"… Keywords: Diabetes mellitus, glucose 6 phosphate dehydrogenase, hemoglobinuria, Nigeria … We report a case of a 16-year-old Nigerian boy who presented with … High frequency of diabetes and impaired fasting glucose in patients with glucose-6-phosphate dehydrogenase …","http://rjdnmd.org/index.php/RJDNMD/article/download/803/615","https://scholar.google.com/scholar?q=related:bujjcKNwYckJ:scholar.google.com/&scioq=%22impaired+fasting+glucose%22+nigeria&hl=en&as_sdt=0,5&as_ylo=2021&as_yhi=2021&as_vis=1"
0,"K Kirty, P Adhikari","Prevalence of Diastolic Dysfunction in Non Diabetic Patients of Metabolic Syndrome",2021,"","researchsquare.com","https://www.researchsquare.com/article/rs-331297/latest.pdf","",15,"2021-07-31 10:57:06","PDF","","","",,,,,0,0.00,0,2,1,"… 53 of the patients had impaired fasting glucose but did not meet the IDF criterion for … report the prevalence of DD in hypertensives to be between 55-70% (17,18) while a Nigerian population … 19. Ike S, Ikeh V. The prevalence of diastolic dysfunction in adult hypertensive Nigerians …","https://www.researchsquare.com/article/rs-331297/latest.pdf","https://scholar.google.com/scholar?q=related:WPSB42KFlYkJ:scholar.google.com/&scioq=%22impaired+fasting+glucose%22+nigeria&hl=en&as_sdt=0,5&as_ylo=2021&as_yhi=2021&as_vis=1"
0,"CV Obi, CN Okoli","Comparative Performance of the ARIMA, ARIMAX and SES Model for Estimating Reported Cases of Diabetes Mellitus in Anambra State, Nigeria",2021,"European Journal of Engineering and Technology …","ejers.org","https://ejers.org/index.php/ejers/article/view/2321","",16,"2021-07-31 10:57:06","","","","",,,,,0,0.00,0,2,1,"… healing systems constitute primary and complementary health care for most Nigerians as in … showed that the age- adjusted prevalence rates of T2DM in Nigeria among persons … prevalence rate of impaired glucose tolerance was 10.0%, while impaired fasting glucose was 5.8 …","https://ejers.org/index.php/ejers/article/download/2321/1021","https://scholar.google.com/scholar?q=related:Fc0KNuHJTEIJ:scholar.google.com/&scioq=%22impaired+fasting+glucose%22+nigeria&hl=en&as_sdt=0,5&as_ylo=2021&as_yhi=2021&as_vis=1"
0,"MAE Elmadbouly","Research Article Effect of Wheat Bran on Anthropometric Measures, Serum Glucose and Lipid Profile in Type 2 Diabetes Patients",2021,"Pak. J. Biol. Sci","researchgate.net","https://www.researchgate.net/profile/Mohammad-Elmadbouly/publication/351587824_OPEN_ACCESS_Research_Article_Effect_of_Wheat_Bran_on_Anthropometric_Measures_Serum_Glucose_and_Lipid_Profile_in_Type_2_Diabetes_Patients/links/609e98cf299bf1476999da69/OPEN-ACCESS-Research-Article-Effect-of-Wheat-Bran-on-Anthropometric-Measures-Serum-Glucose-and-Lipid-Profile-in-Type-2-Diabetes-Patients.pdf","",17,"2021-07-31 10:57:06","PDF","","","",,,,,0,0.00,0,1,1,"… Fatty acid profile and dietary fibre contents of some standardized soups and dishes consumed in Nigeria. Niger. J. Nutr. Sci., 37: 20-28. 17 … Effect of wheat bran on postprandial glucose response in subjects with impaired fasting glucose. Curr. Top. Nutraceuticals Res., 9: 35-39 …","https://www.researchgate.net/profile/Mohammad-Elmadbouly/publication/351587824_OPEN_ACCESS_Research_Article_Effect_of_Wheat_Bran_on_Anthropometric_Measures_Serum_Glucose_and_Lipid_Profile_in_Type_2_Diabetes_Patients/links/609e98cf299bf1476999da69/OPEN-ACCESS-Research-Article-Effect-of-Wheat-Bran-on-Anthropometric-Measures-Serum-Glucose-and-Lipid-Profile-in-Type-2-Diabetes-Patients.pdf","https://scholar.google.com/scholar?q=related:rT2KgnTBiz8J:scholar.google.com/&scioq=%22impaired+fasting+glucose%22+nigeria&hl=en&as_sdt=0,5&as_ylo=2021&as_yhi=2021&as_vis=1"
0,"L Meena, S Nigoskar, RK Pandey, V Mahapatra","Role of GGT in diagnosis of metabolic syndrome: A clinic-based cross-sectional survey in MP",,"216.10.240.19","","http://216.10.240.19/v9-i7/1%20jmscr.pdf","",18,"2021-07-31 10:57:06","PDF","","","",,,,,0,0.00,0,4,,"… mass index, and waist perimeter of subjects not including any known hypertension, diabetes mellitus, impaired fasting glucose and hyperlipidemia … KS, Kuti M. Frequent occurrence of high gamma-glutamyl transferase and alanine amino transferase among Nigerian patients with …","http://216.10.240.19/v9-i7/1%20jmscr.pdf",""
2,"IG Eke, GC Okpara","Anti-hyperglycemic and anti-dyslipidemic activities of methanol ripe fruit extract of Duranta erecta L (Verbenaceae) in normoglycemic and hyperglycemic rats",2021,"Journal of Traditional and Complementary …","ncbi.nlm.nih.gov","https://www.ncbi.nlm.nih.gov/pmc/articles/PMC8116715/","https://scholar.google.com/scholar?cites=10505326550924416606&as_sdt=2005&sciodt=0,5&hl=en",19,"2021-07-31 10:57:06","HTML","","","",,,,,2,2.00,1,2,1,"… protocol was approved by the Experimental Animal Ethics Committee of the Faculty of Veterinary medicine, University of Nigeria, Nsukka … Nzeakor TA, Eke IG Evaluation of the anthelminthic potential of Duranta erecta L. (Verbenaceae) fruits used in Nigerian ethnomedicine as a …","https://www.ncbi.nlm.nih.gov/pmc/articles/PMC8116715/","https://scholar.google.com/scholar?q=related:XlZUpdZqypEJ:scholar.google.com/&scioq=%22impaired+fasting+glucose%22+nigeria&hl=en&as_sdt=0,5&as_ylo=2021&as_yhi=2021&as_vis=1"
0,"X Liang, P Zhang, S Luo, G Zhang…","The association of quality of life and personality characteristics with adolescent metabolic syndrome: a cohort study",2021,"Health and quality of …","hqlo.biomedcentral.com","https://hqlo.biomedcentral.com/articles/10.1186/s12955-021-01797-7","",20,"2021-07-31 10:57:06","HTML","10.1186/s12955-021-01797-7","","",,,,,0,0.00,0,5,1,"An increased prevalence of adolescent metabolic syndrome (MS) is associated with adulthood cardiovascular diseases. This study aimed to explore the potential relationship of quality of life (QoL) and personality traits with adolescent MS. A total of 1961 participants from Chongqing …","https://hqlo.biomedcentral.com/articles/10.1186/s12955-021-01797-7","https://scholar.google.com/scholar?q=related:vZJVAI0BgywJ:scholar.google.com/&scioq=%22impaired+fasting+glucose%22+nigeria&hl=en&as_sdt=0,5&as_ylo=2021&as_yhi=2021&as_vis=1"
0,"DO Soyoye, OO Abiodun, RT Ikem…","Diabetes and peripheral artery disease: A review",2021,"World Journal of …","ncbi.nlm.nih.gov","https://www.ncbi.nlm.nih.gov/pmc/articles/PMC8192257/","",21,"2021-07-31 10:57:06","HTML","","","",,,,,0,0.00,0,4,1,"… Scientist, Senior Lecturer, Department of Medicine, Obafemi Awolowo University, Ife-Ibadan Expressway, Ile-Ife 220282, Osun State, Nigeria … what is known as subclinical atherosclerosis, the pathological changes may predate the diagnosis of impaired fasting glucose and DM …","https://www.ncbi.nlm.nih.gov/pmc/articles/PMC8192257/","https://scholar.google.com/scholar?q=related:_CGsCIXF4PwJ:scholar.google.com/&scioq=%22impaired+fasting+glucose%22+nigeria&hl=en&as_sdt=0,5&as_ylo=2021&as_yhi=2021&as_vis=1"
0,"RFS Eboka-Loumingou, BM Longo…","Specific scores of glycated hemoglobin in the current diagnosis of cardiometabolic risk dysglycemia in Brazzaville, Republic of Congo",2021,"The Journal of …","medicinearticle.com","http://www.medicinearticle.com/JMR_20213_01.pdf","",22,"2021-07-31 10:57:06","PDF","","","",,,,,0,0.00,0,3,1,"… Ethnicity-specific thresholds were estimated at 5.85% in Nigeria [18] and 6.27% in Algeria [46] with prevalences close to 24.4% in BZ/RC before the epidemiological, demographic and nutritional transition on the one hand and by the methodology of the 2004 STEP/WHO study …","http://www.medicinearticle.com/JMR_20213_01.pdf",""
0,"TTT Nga, CL Blizzard, LN Khue, T Le Van Ngoc…","The Interdependence of Blood Pressure and Glucose in Vietnam",2021,"High Blood Pressure & …","Springer","https://link.springer.com/article/10.1007/s40292-020-00431-9","",23,"2021-07-31 10:57:06","","10.1007/s40292-020-00431-9","","",,,,,0,0.00,0,5,1,"Modelling of associations of systolic blood pressure (BP) and blood glucose (BG) with their explanatory factors in separate regressions treats them as havi.","","https://scholar.google.com/scholar?q=related:m7GY_ncW4qYJ:scholar.google.com/&scioq=%22impaired+fasting+glucose%22+nigeria&hl=en&as_sdt=0,5&as_ylo=2021&as_yhi=2021&as_vis=1"
0,"T Chivese","Type 2 diabetes, cardiovascular risk factors and offspring overweight and obesity 5 to 6 years after hyperglycaemia first detected in pregnancy in Cape Town, South …",2021,"","137.158.155.148","http://137.158.155.148/handle/11427/33442","",24,"2021-07-31 10:57:06","","","","",,,,,0,0.00,0,1,1,"… Page 16. xv IADPSG International Association of Diabetes and Pregnancy Study Group IDF International Diabetes Federation IFG Impaired fasting glucose IGR Impaired glucose regulation IGT Impaired glucose tolerance IQR Interquartile range LDL Cholesterol …","http://137.158.155.148/bitstream/handle/11427/33442/thesis_hsf_2021_chivese%20tawanda.pdf?sequence=4&isAllowed=y",""
1,"A Thomas, MT Shenoy, KT Shenoy…","Glucometers for Patients with Type 2 Diabetes Mellitus: Are they helpful?",2021,"International Journal of …","ijms.info","http://www.ijms.info/IJMS/article/view/786","https://scholar.google.com/scholar?cites=4742991405198719887&as_sdt=2005&sciodt=0,5&hl=en",25,"2021-07-31 10:57:06","HTML","","","",,,,,1,1.00,0,4,1,"… HbA(1c) values for defining diabetes and impaired fasting glucose in Asian Indians. Prim Care Diabetes … The relationship between self-monitoring of blood glucose and glycaemic control among patients attending an urban diabetes clinic in Nigeria. Ann Afr Med …","http://www.ijms.info/IJMS/article/view/786",""
0,"UC Ugwu, OC Ene","Knowledge, attitude, and practice towards diabetes mellitus among outpatient diabetic elderly persons: a descriptive study",2021,"International Journal of Diabetes in Developing …","Springer","https://link.springer.com/article/10.1007/s13410-021-00948-2","",26,"2021-07-31 10:57:06","","10.1007/s13410-021-00948-2","","",,,,,0,0.00,0,2,1,"… 4. Harris MI, Flegal KM, Cowie CC, Eberhardt MS, Goldstein DE, Little RR, et al. Prevalence of diabetes, impaired fasting glucose, and impaired glucose tolerance in US adults … Prevalence and risk factors for diabetes mellitus in Nigeria: a systematic review and meta-analysis …","","https://scholar.google.com/scholar?q=related:DyUzxyGfKxcJ:scholar.google.com/&scioq=%22impaired+fasting+glucose%22+nigeria&hl=en&as_sdt=0,5&as_ylo=2021&as_yhi=2021&as_vis=1"
0,"A Ahirwar, A Bhargava, NN Gupta","Prevalence of diabetes mellitus and hypertension in endodontic patients: A cross-sectional study",2021,"Advances in Human Biology","aihbonline.com","https://www.aihbonline.com/article.asp?issn=2321-8568;year=2021;volume=11;issue=1;spage=44;epage=49;aulast=Ahirwar","",27,"2021-07-31 10:57:06","HTML","","","",,,,,0,0.00,0,3,1,"… El-Zubaier AG, Bahnassy A. Prevalence of diabetes mellitus and impaired fasting glucose levels in … Hypertension in Nigerians with type 2 diabetes: A multicentre survey.Mera: Diabetes … Prevalence of hypertension amongst persons with diabetes mellitus in Benin City, Nigeria …","https://www.aihbonline.com/article.asp?issn=2321-8568;year=2021;volume=11;issue=1;spage=44;epage=49;aulast=Ahirwar","https://scholar.google.com/scholar?q=related:DOxnq_W5n2sJ:scholar.google.com/&scioq=%22impaired+fasting+glucose%22+nigeria&hl=en&as_sdt=0,5&as_ylo=2021&as_yhi=2021&as_vis=1"
1,"T Tujuba, BH Ayele, SG Fage…","Anemia among Adult Diabetic Patients Attending a General Hospital in Eastern Ethiopia: a Cross-sectional Study",2021,"… Syndrome and Obesity …","ncbi.nlm.nih.gov","https://www.ncbi.nlm.nih.gov/pmc/articles/PMC7866907/","https://scholar.google.com/scholar?cites=14509234663109854929&as_sdt=2005&sciodt=0,5&hl=en",28,"2021-07-31 10:57:06","HTML","","","",,,,,1,1.00,0,4,1,"","https://www.ncbi.nlm.nih.gov/pmc/articles/PMC7866907/","https://scholar.google.com/scholar?q=related:0YZyiQ0oW8kJ:scholar.google.com/&scioq=%22impaired+fasting+glucose%22+nigeria&hl=en&as_sdt=0,5&as_ylo=2021&as_yhi=2021&as_vis=1"
5,"RE Akhigbe, LO Ajayi, AF Ajayi","Codeine exerts cardiorenal injury via upregulation of adenine deaminase/xanthine oxidase and caspase 3 signaling",2021,"Life Sciences","Elsevier","https://www.sciencedirect.com/science/article/pii/S0024320520314703","https://scholar.google.com/scholar?cites=4559673449188201079&as_sdt=2005&sciodt=0,5&hl=en",29,"2021-07-31 10:57:06","","","","",,,,,5,5.00,2,3,1,"JavaScript is disabled on your browser. Please enable JavaScript to use all the features on this page. Skip to main content Skip to article …","","https://scholar.google.com/scholar?q=related:d5KkBtg2Rz8J:scholar.google.com/&scioq=%22impaired+fasting+glucose%22+nigeria&hl=en&as_sdt=0,5&as_ylo=2021&as_yhi=2021&as_vis=1"
0,"VP Baludas, KK Shivaji, KA Dadasaheb…","Stress Induced Diabetes",2021,"Asian Journal of …","ajpsonline.com","https://ajpsonline.com/AbstractView.aspx?PID=2021-11-2-9","",30,"2021-07-31 10:57:06","","","","",,,,,0,0.00,0,4,1,"… Prevalence of diabetes and prediabetes (impaired fasting glucose and/or impaired glucose tolerance) in urban and rural India: Phase I results of the Indian Council of … Azevedo M, Alla S. Diabetes in sub-saharan Africa: kenya, mali, mozambique, Nigeria, South Africa and zambia …","","https://scholar.google.com/scholar?q=related:PCLqkskA-TkJ:scholar.google.com/&scioq=%22impaired+fasting+glucose%22+nigeria&hl=en&as_sdt=0,5&as_ylo=2021&as_yhi=2021&as_vis=1"
0,"MW Shumye, B Tegegne, S Ademe…","The Magnitude of Diabetes Mellitus in Adult Hypertensive Patients in Northeast Ethiopia",2021,"… and Obesity: Targets …","ncbi.nlm.nih.gov","https://www.ncbi.nlm.nih.gov/pmc/articles/pmc7797297/","",31,"2021-07-31 10:57:06","HTML","","","",,,,,0,0.00,0,4,1,"… DM, diabetes mellitus; DCSH, Dessie Comprehensive Specialized Hospital; FPG, fasting plasma glucose; HPN, hypertension; IDF, International Diabetes Federation; IFG, impaired fasting glucose; IGT, impaired … Cardiovascular risk factors in a suburban community in Nigeria …","https://www.ncbi.nlm.nih.gov/pmc/articles/pmc7797297/","https://scholar.google.com/scholar?q=related:9yma16xC5UYJ:scholar.google.com/&scioq=%22impaired+fasting+glucose%22+nigeria&hl=en&as_sdt=0,5&as_ylo=2021&as_yhi=2021&as_vis=1"
0,"JA Amadi, PU Amadi, UC Njoku, JO Osuoha","Potentiation of incretin hormones and modulation of metabolic enzymes as possible mechanisms behind the insulin sensitizing effects of cabbage-metformin treatment",2021,"Translational Research","Elsevier","https://www.sciencedirect.com/science/article/pii/S1931524420302498","",32,"2021-07-31 10:57:06","","","","",,,,,0,0.00,0,4,1,"JavaScript is disabled on your browser. Please enable JavaScript to use all the features on this page. Skip to main content Skip to article …","","https://scholar.google.com/scholar?q=related:JVs0L8ABLswJ:scholar.google.com/&scioq=%22impaired+fasting+glucose%22+nigeria&hl=en&as_sdt=0,5&as_ylo=2021&as_yhi=2021&as_vis=1"
0,"S Niroumand, M Khajedaluee, M Khadem-Rezaiyan…","Atherogenic Index of Plasma (AIP): A marker of cardiovascular",,"mjiri.iums.ac.ir","","http://mjiri.iums.ac.ir/browse.php?a_id=3104&slc_lang=en&sid=1&ftxt=1","",33,"2021-07-31 10:57:06","PDF","","","",,,,,0,0.00,0,4,,"… Thirty four subjects (4.4%) had previously diagnosed diabetes, 41 (5.3%) had impaired fasting glucose and rest of them … Effects of Menopause on the Serum lipid profile of Normal Females of South East Nigeria. Nigerian Journal of Physiological Sciences 2005; 20(1-2):48-53 …","http://mjiri.iums.ac.ir/browse.php?a_id=3104&slc_lang=en&sid=1&ftxt=1","https://scholar.google.com/scholar?q=related:LsdnyeU84oIJ:scholar.google.com/&scioq=%22impaired+fasting+glucose%22+nigeria&hl=en&as_sdt=0,5&as_ylo=2021&as_yhi=2021&as_vis=1"
0,"A Michalak, H Cichoż-Lach, M Guz, J Kozicka…","Plateletcrit and Mean Platelet Volume in the Evaluation of Alcoholic Liver Cirrhosis and Nonalcoholic Fatty Liver Disease Patients",2021,"BioMed Research …","hindawi.com","https://www.hindawi.com/journals/bmri/2021/8867985/","",34,"2021-07-31 10:57:06","HTML","","","",,,,,0,0.00,0,5,1,"… been excluded. Twenty-two persons were diagnosed with diabetes mellitus type 2. People with diabetes mellitus type 1 were excluded from the study. None of the patients pre- sented impaired fasting glucose. Forty-six NAFLD …","https://www.hindawi.com/journals/bmri/2021/8867985/","https://scholar.google.com/scholar?q=related:rc2bjhCGSCEJ:scholar.google.com/&scioq=%22impaired+fasting+glucose%22+nigeria&hl=en&as_sdt=0,5&as_ylo=2021&as_yhi=2021&as_vis=1"
0,"ALLI Rudvan, ME Can, FK Efe, M Keskin…","Evaluation of retinal microvascular changes in patients with prediabetes",2021,"Nigerian Journal of …","njcponline.com","https://www.njcponline.com/article.asp?issn=1119-3077;year=2021;volume=24;issue=6;spage=911;epage=918;aulast=LI","",35,"2021-07-31 10:57:06","HTML","","","",,,,,0,0.00,0,5,1,"… Conditions expressed as impaired fasting glucose (IFG) or impaired glucose tolerance (IGT) are considered as prediabetes; IFG is defined as fasting blood sugar to be between 100 and 125 mg/dL … Nigerian Journal of Clinical Practice | Published by Wolters Kluwer - Medknow …","https://www.njcponline.com/article.asp?issn=1119-3077;year=2021;volume=24;issue=6;spage=911;epage=918;aulast=LI","https://scholar.google.com/scholar?q=related:zlmtlTtLrMwJ:scholar.google.com/&scioq=%22impaired+fasting+glucose%22+nigeria&hl=en&as_sdt=0,5&as_ylo=2021&as_yhi=2021&as_vis=1"
0,"MP Santhosh Kumar","PREVALENCE OF COEXISTING DIABETES MELLITUS AND HYPERTENSION AMONG DENTAL PATIENTS IN SOUTH INDIAN POPULATION.",2021,"International Journal of Clinical …","search.ebscohost.com","http://search.ebscohost.com/login.aspx?direct=true&profile=ehost&scope=site&authtype=crawler&jrnl=19395833&AN=150954675&h=sYDFcifoK8klVrJZ7rFtIM7rXaZcObglaMS9pbIWXT2%2B22HvC23tbCZH8zBnMCNiViHP%2B%2FCGuuwiBZeot4VgVg%3D%3D&crl=c","",36,"2021-07-31 10:57:06","","","","",,,,,0,0.00,0,1,1,"… In the Nigerian study by OI O et al … PI, Akhionbare O. Prevalence of undiagnosed diabetes mellitus among dental patients in Edo State, Nigeria … Prevalence of Diabetes, Impaired Fasting Glucose, and Impaired Glucose Tolerance in US Adults: The Third National Health and …","","https://scholar.google.com/scholar?q=related:7_15SaSR_7AJ:scholar.google.com/&scioq=%22impaired+fasting+glucose%22+nigeria&hl=en&as_sdt=0,5&as_ylo=2021&as_yhi=2021&as_vis=1"
3,"S Yezli, A Mushi, Y Almuzaini, B Balkhi…","Prevalence of diabetes and hypertension among Hajj pilgrims: a systematic review",2021,"International Journal of …","mdpi.com","https://www.mdpi.com/977340","https://scholar.google.com/scholar?cites=14032668108827329653&as_sdt=2005&sciodt=0,5&hl=en",37,"2021-07-31 10:57:06","","","","",,,,,3,3.00,1,5,1,"… A study among pilgrims from 22 countries in Asia, Africa, Australia, North America, and Europe reported only 6.8% were hypertensive, [32] while the prevalence was 16.3% among pilgrims from Afghanistan, Bangladesh, Pakistan, Nigeria and South Africa [39] …","https://www.mdpi.com/1660-4601/18/3/1155/pdf","https://scholar.google.com/scholar?q=related:dQSb9UsNvsIJ:scholar.google.com/&scioq=%22impaired+fasting+glucose%22+nigeria&hl=en&as_sdt=0,5&as_ylo=2021&as_yhi=2021&as_vis=1"
0,"S Tihić-Kapidžić, A Čaušević, J Fočo-Solak…","Assessment of hematologic indices and their correlation to hemoglobin A1c among Bosnian children with type 1 diabetes mellitus and their healthy peers",2021,"Journal of Medical …","ncbi.nlm.nih.gov","https://www.ncbi.nlm.nih.gov/pmc/articles/PMC7982283/","",38,"2021-07-31 10:57:06","HTML","","","",,,,,0,0.00,0,4,1,"","https://www.ncbi.nlm.nih.gov/pmc/articles/PMC7982283/","https://scholar.google.com/scholar?q=related:HFEJJu4QRfcJ:scholar.google.com/&scioq=%22impaired+fasting+glucose%22+nigeria&hl=en&as_sdt=0,5&as_ylo=2021&as_yhi=2021&as_vis=1"
1,"L Pazmino, W Esparza, AR Aladro-Gonzalvo…","Impact of Work and Recreational Physical Activity on Prediabetes Condition among US Adults: NHANES 2015–2016",2021,"International Journal of …","mdpi.com","https://www.mdpi.com/984318","https://scholar.google.com/scholar?cites=9157428061700341575&as_sdt=2005&sciodt=0,5&hl=en",39,"2021-07-31 10:57:06","","","","",,,,,1,1.00,0,4,1,"More minutes of physical activity (PA) accumulated during a day are associated with a lower risk of diabetes mellitus type 2. However, it is less known if distinct dimensions of PA can produce a different protective effect in the prevention of prediabetes. The aim of this study was to …","https://www.mdpi.com/1660-4601/18/4/1378/pdf","https://scholar.google.com/scholar?q=related:R7_X0U24FX8J:scholar.google.com/&scioq=%22impaired+fasting+glucose%22+nigeria&hl=en&as_sdt=0,5&as_ylo=2021&as_yhi=2021&as_vis=1"
1,"M Ladwa, O Bello, O Hakim…","Ethnic differences in beta cell function occur independently of insulin sensitivity and pancreatic fat in black and white men",2021,"BMJ Open Diabetes …","drc.bmj.com","https://drc.bmj.com/content/9/1/e002034.abstract","https://scholar.google.com/scholar?cites=5644624077657905807&as_sdt=2005&sciodt=0,5&hl=en",40,"2021-07-31 10:57:06","HTML","","","",,,,,1,1.00,0,4,1,"Skip to main content. Viewing from: Google Indexer. BMJ Journals. Log In More …","https://drc.bmj.com/content/9/1/e002034.abstract","https://scholar.google.com/scholar?q=related:j5pqL7G7VU4J:scholar.google.com/&scioq=%22impaired+fasting+glucose%22+nigeria&hl=en&as_sdt=0,5&as_ylo=2021&as_yhi=2021&as_vis=1"
0,"A Muchai Manyara, E Mwaniki, CM Gray…","Comparison of risk factors between people with type 2 diabetes and matched controls in Nairobi, Kenya",,"Tropical Medicine & …","Wiley Online Library","https://onlinelibrary.wiley.com/doi/abs/10.1111/tmi.13629","",41,"2021-07-31 10:57:06","","10.1111/tmi.13629","","",,,,,0,0.00,0,4,,"Page 1. This article has been accepted for publication and undergone full peer review but has not been through the copyediting, typesetting, pagination and proofreading process, which may lead to differences between this version and the Version of Record …","","https://scholar.google.com/scholar?q=related:SaxxkQN7zAgJ:scholar.google.com/&scioq=%22impaired+fasting+glucose%22+nigeria&hl=en&as_sdt=0,5&as_ylo=2021&as_yhi=2021&as_vis=1"
0,"NU Nwosu","Nigerian Pensioners' Knowledge, Attitudes, and Beliefs about Type 2 Diabetes",2021,"","search.proquest.com","https://search.proquest.com/openview/593b7fcc9d375ff9453f0847bf501c06/1?pq-origsite=gscholar&cbl=18750&diss=y","",42,"2021-07-31 10:57:06","","","","",,,,,0,0.00,0,1,1,"… Page 22. 8 diabetes among older Nigerians is problematic because they have fewer economic resources to manage their health. The retirement age in Nigeria is 60 years, and Nigerian pensioners who are retirees do not have a secure postretirement social and economic life …","https://scholarworks.waldenu.edu/cgi/viewcontent.cgi?article=11435&context=dissertations","https://scholar.google.com/scholar?q=related:vqndRgYfWpgJ:scholar.google.com/&scioq=%22impaired+fasting+glucose%22+nigeria&hl=en&as_sdt=0,5&as_ylo=2021&as_yhi=2021&as_vis=1"
0,"AA Ojugo, E Ekurume","Predictive Intelligent Decision Support Model in Forecasting of the Diabetes Pandemic Using a Reinforcement Deep Learning Approach",2021,"","scholar.archive.org","https://scholar.archive.org/work/pnioikf5bnehdb4mmrnbqv7eaa/access/wayback/http://www.mecs-press.org/ijeme/ijeme-v11-n2/IJEME-V11-N2-5.pdf","",43,"2021-07-31 10:57:06","PDF","","","",,,,,0,0.00,0,2,1,"… nerves with increased risk for cardiovascular defect), and prediabetes (a practical, convenient term for impaired fasting glucose, impaired glucose … Aachen, Germany, 2000 [11] S. Chinenye, E. Young, State of diabetes care in Nigeria: a review, The Nigerian Health Journal …","https://scholar.archive.org/work/pnioikf5bnehdb4mmrnbqv7eaa/access/wayback/http://www.mecs-press.org/ijeme/ijeme-v11-n2/IJEME-V11-N2-5.pdf",""
0,"Z Gholami, Z Sohrabi, M Zare, B Pourrajab…","The effect of honey on lipid profiles: A Systematic Review and Meta-analysis of Controlled Clinical Trials",2021,"British Journal of …","cambridge.org","https://www.cambridge.org/core/journals/british-journal-of-nutrition/article/effect-of-honey-on-lipid-profiles-a-systematic-review-and-metaanalysis-of-controlled-clinical-trials/C97F9F226AFD5FD493EDF4E735E4183F","",44,"2021-07-31 10:57:06","","","","",,,,,0,0.00,0,5,1,"… USA (n=2) (16; 26) , Malaysia (n=3) (27; 28; 29) , Indonesia (n=2) (30; 31) , Pakistan (n=2) (32; 33) , Turkey (n=1) (34) , New Zealand (n=1) (35) , Egypt (n=1) (36) , Germany (n=1) (37) , Nigeria (n=1) (38) , Dubai (n=1) (39) , Saudi Arabia (n=1) (40) , and Greece (n=1) (41) …","http://eprints.iums.ac.ir/40051/1/The-effect-of-honey-on-lipid-profiles-A-Systematic-Review-and-Metaanalysis-of-Controlled-Clinical-TrialsBritish-Journal-of-Nutrition.pdf",""
9,"SH Ley, MB Schulze, MF Hivert, JB Meigs, FB Hu","Risk factors for type 2 diabetes",2021,"","europepmc.org","https://europepmc.org/books/nbk567966","https://scholar.google.com/scholar?cites=5093034740413528685&as_sdt=2005&sciodt=0,5&hl=en",45,"2021-07-31 10:57:06","HTML","","","",,,,,9,9.00,2,5,1,"Europe PMC is an archive of life sciences journal literature.","https://europepmc.org/books/nbk567966","https://scholar.google.com/scholar?q=related:bXoSwxwYrkYJ:scholar.google.com/&scioq=%22impaired+fasting+glucose%22+nigeria&hl=en&as_sdt=0,5&as_ylo=2021&as_yhi=2021&as_vis=1"
0,"S Traoré, BC Paré, DL Dabourou, O Guira…","Performance of the Finnish Diabetes Risk Score (FINDRISC) in the Identification of Dysglycemia in an Urban Population in Ouagadougou (Burkina Faso)",2021,"Open Journal of Internal …","scirp.org","https://www.scirp.org/html/1-1320428_108318.htm","",46,"2021-07-31 10:57:06","HTML","","","",,,,,0,0.00,0,5,1,"… score of less than 7 (58.54%), Omech in Botswana [24], Olamoyegun in Nigeria [25] and … size for the Botswana study [24]; semi-urban setting for the Nigerian study versus … of the Finnish Diabetes Risk Score as a Screening Tool for Impaired Fasting Glucose, Impaired Glucose …","https://www.scirp.org/html/1-1320428_108318.htm","https://scholar.google.com/scholar?q=related:Izi4YDpiJ5sJ:scholar.google.com/&scioq=%22impaired+fasting+glucose%22+nigeria&hl=en&as_sdt=0,5&as_ylo=2021&as_yhi=2021&as_vis=1"
0,"L Séré, H Tiéno, D Yanogo, S Traoré…","Prévalence du diabète et facteurs de risque cardiovasculaire associés dans une population rurale au Burkina Faso",2021,"… Tropicale et Santé …","revuemtsi.societe-mtsi.fr","http://revuemtsi.societe-mtsi.fr/index.php/bspe-articles/article/view/57","",47,"2021-07-31 10:57:06","","","","",,,,,0,0.00,0,5,1,"… Odia OJ, Ihekwaba AE, Ojule A, Babatunde S. Type 2 diabetes in adult Nigerians: a study of its prevalence and risk factors in Port Harcourt, Nigeria … Prevalence and associated risk factors of diabetes and impaired fasting glucose in urban population; a study from Burkina …","http://revuemtsi.societe-mtsi.fr/index.php/bspe-articles/article/download/57/51","https://scholar.google.com/scholar?q=related:M_MA9dmyO1gJ:scholar.google.com/&scioq=%22impaired+fasting+glucose%22+nigeria&hl=en&as_sdt=0,5&as_ylo=2021&as_yhi=2021&as_vis=1"
0,"VM Oguoma, NT Coffee, S Alsharrah…","Anthropometric cut-points for discriminating diabetes and the metabolic syndrome among Arabs and Asians: the Kuwait Diabetes Epidemiology Program",2021,"British Journal of …","cambridge.org","https://www.cambridge.org/core/journals/british-journal-of-nutrition/article/anthropometric-cutpoints-for-discriminating-diabetes-and-metabolic-syndrome-among-arabs-and-asians-the-kuwait-diabetes-epidemiology-program/5DAE51AAB89E4314A5EC2C3591AD53AA","",48,"2021-07-31 10:57:06","","","","",,,,,0,0.00,0,4,1,"… The American Heart Association/National Heart, Lung, and Blood Institute (AHA/NHLBI) made minor changes to the ATP III criteria to include impaired fasting glucose at ≥5.5 mmol/l . Countries such as Kuwait have used different defini- tions in different surveys, but whichever …","https://www.cambridge.org/core/services/aop-cambridge-core/content/view/5DAE51AAB89E4314A5EC2C3591AD53AA/S0007114521000751a.pdf/div-class-title-anthropometric-cut-points-for-discriminating-diabetes-and-the-metabolic-syndrome-among-arabs-and-asians-the-kuwait-diabetes-epidemiology-program-div.pdf","https://scholar.google.com/scholar?q=related:-CxuflOx-0gJ:scholar.google.com/&scioq=%22impaired+fasting+glucose%22+nigeria&hl=en&as_sdt=0,5&as_ylo=2021&as_yhi=2021&as_vis=1"
0,"P Kumar, S Srivastava…","Prevalence of pre-diabetes/type 2 diabetes among adolescents (10–19 years) and its association with different measures of overweight/obesity in India: a …",2021,"BMC …","bmcendocrdisord.biomedcentral …","https://bmcendocrdisord.biomedcentral.com/articles/10.1186/s12902-021-00802-w","",49,"2021-07-31 10:57:06","HTML","10.1186/s12902-021-00802-w","","",,,,,0,0.00,0,3,1,"The International Diabetes Federation (IDF) estimated that 1.1 million children and adolescents aged 14–19 years are living with diabetes. Diabetes is a chronic, progressive disease characterized by elevated levels of blood glucose. It is also recognized as a complex disease …","https://bmcendocrdisord.biomedcentral.com/articles/10.1186/s12902-021-00802-w",""
4,"DA Mohd Kamal, SF Ibrahim, H Kamal, MIAM Kashim…","Physicochemical and Medicinal Properties of Tualang, Gelam and Kelulut Honeys: A Comprehensive Review",2021,"Nutrients","mdpi.com","https://www.mdpi.com/955808","https://scholar.google.com/scholar?cites=13169429028314112709&as_sdt=2005&sciodt=0,5&hl=en",50,"2021-07-31 10:57:06","","","","",,,,,4,4.00,1,5,1,"Tualang, Gelam and Kelulut honeys are tropical rainforest honeys reported to have various medicinal properties. Studies related to the medicinal properties and physicochemical characteristics of these honeys are growing extensively and receiving increased attention. This …","https://www.mdpi.com/2072-6643/13/1/197/pdf","https://scholar.google.com/scholar?q=related:xWJhN-01w7YJ:scholar.google.com/&scioq=%22impaired+fasting+glucose%22+nigeria&hl=en&as_sdt=0,5&as_ylo=2021&as_yhi=2021&as_vis=1"
0,"A Ghaffari-Rafi, YS Rho, A Hall, N Villanueva, M Nogi","HTLV-1 associated acute adult T-cell lymphoma/leukemia presenting as acute liver failure in Micronesian: A case report",2021,"Medicine","ncbi.nlm.nih.gov","https://www.ncbi.nlm.nih.gov/pmc/articles/pmc8284719/","",51,"2021-07-31 10:57:06","HTML","","","",,,,,0,0.00,0,5,1,"… His past medical history was notable for benign prostatic hyperplasia, hypothyroidism, right thyroid goiter, hypercholesterolemia, and impaired fasting glucose … 25% in some Haut-Ogoué region villages], Democratic Republic of the Congo [0.7%–3.7%], Nigeria [5.5%], Ghana [1 …","https://www.ncbi.nlm.nih.gov/pmc/articles/pmc8284719/",""
0,"CHK REDDY, M KRISHNAMURTHY…","Cross-sectional Study on Myocardial Infarction in Young Adults in an Emergency Department of a Rural Tertiary Care Hospital, Davanagere, Karnataka, India.",2021,"Journal of Clinical & …","search.ebscohost.com","http://search.ebscohost.com/login.aspx?direct=true&profile=ehost&scope=site&authtype=crawler&jrnl=0973709X&AN=150785466&h=81oi8C2CPLRtAwGc3NYa%2F30Ei6uYKzfHNjzd9kvkKNNU5l8a0Kj0FyVrr7619fuNKWqYJbqCKK9v0jJvWvKkVg%3D%3D&crl=c","",52,"2021-07-31 10:57:06","","","","",,,,,0,0.00,0,3,1,"… BMI was categorised as per World Health Organisation (WHO) criteria [3,7]. Glycaemic status was categorised as normal (fasting plasma glucose levels <100 mg/dL), Impaired Fasting Glucose (IFG) (fasting plasma glucose levels 100 mg/dL to 125 … Nigerian Journal of Cardiology …","",""
0,"MF ELIANSYAPUTRA, N Parisa, T Theodorus","DRUG USE PATTERN OF GLIMEPIRID IN PATIENT WITH DIABETES MELLITUS TYPE 2 AT RSUP DR. MOHAMMAD HOESIN PALEMBANG ON 1 JUNE 2019–30 …",2021,"","repository.unsri.ac.id","https://repository.unsri.ac.id/40759/","",53,"2021-07-31 10:57:06","","","","",,,,,0,0.00,0,3,1,"… Diabetic medicine : a journal of the British Diabetic Association, 18(10), 828–834. Chen, CM, & Yeh, MC (2013). The prevalence and determinants of impaired fasting glucose in the population of Taiwan. BMC public health, 13(1), 1123. Chrysant, SG (2017) …","https://repository.unsri.ac.id/40759/2/RAMA_11201_04011281722146_0013128801_0015096002_01_front_ref.pdf","https://scholar.google.com/scholar?q=related:YQ_fgdEQZ8UJ:scholar.google.com/&scioq=%22impaired+fasting+glucose%22+nigeria&hl=en&as_sdt=0,5&as_ylo=2021&as_yhi=2021&as_vis=1"
0,"AN Reeves, MR Elliott, MM Brooks…","Symptom clusters predict risk of metabolic-syndrome and diabetes in midlife: the Study of Women's Health Across the Nation",2021,"Annals of …","Elsevier","https://www.sciencedirect.com/science/article/pii/S1047279721000326","",54,"2021-07-31 10:57:06","","","","",,,,,0,0.00,0,4,1,"JavaScript is disabled on your browser. Please enable JavaScript to use all the features on this page. Skip to main content Skip to article …","","https://scholar.google.com/scholar?q=related:ACtbnA5emVIJ:scholar.google.com/&scioq=%22impaired+fasting+glucose%22+nigeria&hl=en&as_sdt=0,5&as_ylo=2021&as_yhi=2021&as_vis=1"
0,"N Joharatnam‐Hogan, P Chambers…","A guideline for the outpatient management of glycaemic control in people with cancer",2021,"Diabetic …","Wiley Online Library","https://onlinelibrary.wiley.com/doi/abs/10.1111/dme.14636","",55,"2021-07-31 10:57:06","","10.1111/dme.14636","","",,,,,0,0.00,0,3,1,"Page 1. This article has been accepted for publication and undergone full peer review but has not been through the copyediting, typesetting, pagination and proofreading process, which may lead to differences between this version and the Version of Record …","",""
0,"EP REDDY","LP (A) LEVELS IN DIABETES AND METABOLIC SYNDROME",,"researchgate.net","","https://www.researchgate.net/profile/Prabhakar-Reddy-6/publication/350135077_LPA_LEVELS_IN_DIABETES_AND_METABOLIC_SYNDROME/links/60533220a6fdccbfeae9c278/LPA-LEVELS-IN-DIABETES-AND-METABOLIC-SYNDROME.pdf","",56,"2021-07-31 10:57:06","PDF","","","",,,,,0,0.00,0,1,,"… Care,15, 976-979. [19] Oyelola OO, Ajayi AA, Babalola RO, Stein EA., 1995. Plasma lipids, lipoproteins, and apolipoproteins in Nigerian diabetes mellitus, essential hypertension, and hypertensive-diabetic patients, Natl Med Assoc, 87, 113-8 …","https://www.researchgate.net/profile/Prabhakar-Reddy-6/publication/350135077_LPA_LEVELS_IN_DIABETES_AND_METABOLIC_SYNDROME/links/60533220a6fdccbfeae9c278/LPA-LEVELS-IN-DIABETES-AND-METABOLIC-SYNDROME.pdf","https://scholar.google.com/scholar?q=related:dCoyUtdgVCQJ:scholar.google.com/&scioq=%22impaired+fasting+glucose%22+nigeria&hl=en&as_sdt=0,5&as_ylo=2021&as_yhi=2021&as_vis=1"
0,"AA CHOUDHRY, P SHARMA…","Assessment of Salivary Lipid Profile Parameters in Healthy and Type 2 Diabetes Mellitus Patients.",2021,"Journal of Clinical & …","search.ebscohost.com","http://search.ebscohost.com/login.aspx?direct=true&profile=ehost&scope=site&authtype=crawler&jrnl=0973709X&AN=151263310&h=aAUTAVUtQyIagIpmsKw4791Ms7gBRUqlJESMwtcPnMBhrCIjmBLxSQ2n2aadiIcORnRHMoJ0R%2F3rhbebnggoJw%3D%3D&crl=c","",57,"2021-07-31 10:57:06","","","","",,,,,0,0.00,0,3,1,"… Prevalence of diabetes and prediabetes (impaired fasting glucose and/ or impaired glucose tolerance) in urban and rural India: phase I results of … Ezeanyika LUS, Daikwo MA, Amana R. Lipid profile of a population [15] of diabetic patients attending Nigerian National Petroleum …","",""
3,"L Ismail, H Materwala, J Al Kaabi","Association of risk factors with type 2 diabetes: A systematic review",2021,"Computational and Structural …","ncbi.nlm.nih.gov","https://www.ncbi.nlm.nih.gov/pmc/articles/pmc8050730/","https://scholar.google.com/scholar?cites=17566065985097461872&as_sdt=2005&sciodt=0,5&hl=en",58,"2021-07-31 10:57:06","HTML","","","",,,,,3,3.00,1,3,1,"NCBI NCBI Logo; Skip to main content; Skip to navigation; Resources; How To; About NCBI Accesskeys. My NCBISign in to NCBISign Out. PMC. US National Library of Medicine National Institutes of Health. Search database PMC.","https://www.ncbi.nlm.nih.gov/pmc/articles/pmc8050730/","https://scholar.google.com/scholar?q=related:cHDOxvEzx_MJ:scholar.google.com/&scioq=%22impaired+fasting+glucose%22+nigeria&hl=en&as_sdt=0,5&as_ylo=2021&as_yhi=2021&as_vis=1"
1,"S Phelan, E Jelalian, D Coustan…","Protocol for a randomized controlled trial of pre-pregnancy lifestyle intervention to reduce recurrence of gestational diabetes: Gestational Diabetes Prevention …",2021,"…","trialsjournal.biomedcentral.com","https://trialsjournal.biomedcentral.com/articles/10.1186/s13063-021-05204-w","https://scholar.google.com/scholar?cites=4702625327922507434&as_sdt=2005&sciodt=0,5&hl=en",59,"2021-07-31 10:57:06","HTML","10.1186/s13063-021-05204-w","","",,,,,1,1.00,0,4,1,"Gestational diabetes mellitus (GDM) is associated with several maternal complications in pregnancy, including preeclampsia, preterm labor, need for induction of labor, and cesarean delivery as well as increased long-term risks of type 2 diabetes, metabolic syndrome, and …","https://trialsjournal.biomedcentral.com/articles/10.1186/s13063-021-05204-w","https://scholar.google.com/scholar?q=related:qm6T9tEUQ0EJ:scholar.google.com/&scioq=%22impaired+fasting+glucose%22+nigeria&hl=en&as_sdt=0,5&as_ylo=2021&as_yhi=2021&as_vis=1"
0,"LE Egede, RJ Walker, P Monroe, JS Williams…","HIV and cardiovascular disease in sub-Saharan Africa: Demographic and Health Survey data for 4 countries",2021,"BMC Public Health","Springer","https://link.springer.com/article/10.1186/s12889-021-11218-5","",60,"2021-07-31 10:57:06","HTML","10.1186/s12889-021-11218-5","","",,,,,0,0.00,0,5,1,"Investigate the relationship between two common cardiovascular diseases and HIV in adults living in sub-Saharan Africa using population data provided through the Demographic and Health Survey. Data for four sub-Saharan countries were used. All adults asked questions regarding …","https://link.springer.com/article/10.1186/s12889-021-11218-5","https://scholar.google.com/scholar?q=related:CLb_dmnPK94J:scholar.google.com/&scioq=%22impaired+fasting+glucose%22+nigeria&hl=en&as_sdt=0,5&as_ylo=2021&as_yhi=2021&as_vis=1"
0,"SA Raza, N Anjum, SB Ayaz, K Khalid…","FREQUENCY OF HYPERURICEMIA IN PATIENTS WITH CORONARY ARTERY DISEASE AND ITS ASSOCIATION WITH DISEASE SEVERITY, AGE, GENDER …",2021,"…","cern-124-43-210.comsats.edu.pk","https://cern-124-43-210.comsats.edu.pk/index.php/PAFMJ/article/view/6676","",61,"2021-07-31 10:57:06","","","","",,,,,0,0.00,0,5,1,"… Nigeria J Mol Pathophysiol 2015; 4(3): 94-98. 12 … Kramer CK, Von Mühlen D, Jassal SK, Barrett-Connor E. Serum uric acid levels improve prediction of incident type 2 diabetes in individuals with impaired fasting glucose –The Rancho Bernardo Study …","https://cern-124-43-210.comsats.edu.pk/index.php/PAFMJ/article/download/6676/3343","https://scholar.google.com/scholar?q=related:0TsTpsQrWeQJ:scholar.google.com/&scioq=%22impaired+fasting+glucose%22+nigeria&hl=en&as_sdt=0,5&as_ylo=2021&as_yhi=2021&as_vis=1"
1,"TB Gebremedhin Gebreegziabiher…","Magnitude and associated factors of metabolic syndrome among adult urban dwellers of Northern Ethiopia",2021,"… and Obesity: Targets …","ncbi.nlm.nih.gov","https://www.ncbi.nlm.nih.gov/pmc/articles/pmc7882458/","https://scholar.google.com/scholar?cites=14317647694868644666&as_sdt=2005&sciodt=0,5&hl=en",62,"2021-07-31 10:57:06","HTML","","","",,,,,1,1.00,1,2,1,"","https://www.ncbi.nlm.nih.gov/pmc/articles/pmc7882458/","https://scholar.google.com/scholar?q=related:OgPWZ7iAssYJ:scholar.google.com/&scioq=%22impaired+fasting+glucose%22+nigeria&hl=en&as_sdt=0,5&as_ylo=2021&as_yhi=2021&as_vis=1"
0,"AM Manyara, E Mwaniki, CM Gray…","A comparison of risk factors between people with type 2 diabetes and matched controls in Nairobi, Kenya",2021,"Tropical Medicine and …","eprints.gla.ac.uk","https://eprints.gla.ac.uk/242316/1/242316.pdf","",63,"2021-07-31 10:57:06","PDF","","","",,,,,0,0.00,0,4,1,"Page 1. Comparison of risk factors between people with type 2 diabetes and matched controls in Nairobi, Kenya Anthony Muchai Manyara1,2, Elizabeth Mwaniki2, Cindy M. Gray1 and Jason MR Gill3 1 School of Social and …","https://eprints.gla.ac.uk/242316/1/242316.pdf",""
0,"FR Sakak, N Moslehi, H Abdi, P Mirmiran","Effects of vitamin K2 supplementation on atherogenic status of individuals with type 2 diabetes: a randomized controlled trial",2021,"BMC Complementary Medicine …","Springer","https://link.springer.com/article/10.1186/s12906-021-03304-3","",64,"2021-07-31 10:57:06","HTML","10.1186/s12906-021-03304-3","","",,,,,0,0.00,0,4,1,"This study was aimed to examine the effects of vitamin K2 supplementation on atherogenic status, assessed by insulin resistance (IR)-related indexes, in patients with type 2 diabetes mellitus (T2DM). In this double-blind, controlled trial, 68 patients with T2DM on the oral glucose …","https://link.springer.com/article/10.1186/s12906-021-03304-3","https://scholar.google.com/scholar?q=related:xQBxH8RW7PMJ:scholar.google.com/&scioq=%22impaired+fasting+glucose%22+nigeria&hl=en&as_sdt=0,5&as_ylo=2021&as_yhi=2021&as_vis=1"
0,"CE Fuentes-Venado, G Terán-Pérez…","Nutritional Status Influences Oxidative Stress and Insulin Resistance in Preschool Children",2021,"Metabolic Syndrome …","liebertpub.com","https://www.liebertpub.com/doi/abs/10.1089/met.2021.0021","",65,"2021-07-31 10:57:06","","10.1089/met.2021.0021","","",,,,,0,0.00,0,3,1,"Background: Child malnutrition represents a major public health problem with physiological, psychological, and social short- and long-term implications. Objective: To compare the influence of nutri...","",""
0,"H Al Hourani, M Atoum, F Alzoughool…","Screening for non-invasive risk factors of type 2 diabetes in overweight and obese schoolchildren",2021,"… , Diabetes y Nutrición","Elsevier","https://www.sciencedirect.com/science/article/pii/S2530016421000744","",66,"2021-07-31 10:57:06","","","","",,,,,0,0.00,0,4,1,"JavaScript is disabled on your browser. Please enable JavaScript to use all the features on this page. Skip to main content Skip to article …","","https://scholar.google.com/scholar?q=related:EJ0bYgwMLmkJ:scholar.google.com/&scioq=%22impaired+fasting+glucose%22+nigeria&hl=en&as_sdt=0,5&as_ylo=2021&as_yhi=2021&as_vis=1"
3,"B Crespo-Facorro, P Such, AG Nylander…","The burden of disease in early schizophrenia–a systematic literature review",2021,"Current Medical …","Taylor & Francis","https://www.tandfonline.com/doi/abs/10.1080/03007995.2020.1841618","https://scholar.google.com/scholar?cites=6461819153642563389&as_sdt=2005&sciodt=0,5&hl=en",67,"2021-07-31 10:57:06","","10.1080/03007995.2020.1841618","","",,,,,3,3.00,1,4,1,"… 001]) 29 , 31 . Conversely, others reported no significant difference (impaired fasting glucose, metabolic syndrome, and cardiovascular risk) 29 , 30 , 32 , or did not report significance (metabolic syndrome) 32 , 33 . No studies …","https://www.tandfonline.com/doi/pdf/10.1080/03007995.2020.1841618","https://scholar.google.com/scholar?q=related:PSeut0j-rFkJ:scholar.google.com/&scioq=%22impaired+fasting+glucose%22+nigeria&hl=en&as_sdt=0,5&as_ylo=2021&as_yhi=2021&as_vis=1"
0,"S Sarray, M Dallel, LB Lamine, D Jairajpuri…","Association of matrix metalloproteinase-2 gene polymorphisms with susceptibility to type 2 diabetes: A case control study",2021,"Journal of Diabetes and …","Elsevier","https://www.sciencedirect.com/science/article/pii/S1056872721000829","",68,"2021-07-31 10:57:06","","","","",,,,,0,0.00,0,5,1,"JavaScript is disabled on your browser. Please enable JavaScript to use all the features on this page. Skip to main content Skip to article …","","https://scholar.google.com/scholar?q=related:_FNPHuvNWQMJ:scholar.google.com/&scioq=%22impaired+fasting+glucose%22+nigeria&hl=en&as_sdt=0,5&as_ylo=2021&as_yhi=2021&as_vis=1"
0,"P Arokiasamy, S Salvi, Y Selvamani","Global Burden of Diabetes Mellitus",2021,"","researchgate.net","https://www.researchgate.net/profile/Selva-Mani-6/publication/349053332_Global_Burden_of_Diabetes_Mellitus_In_Haring_R_Kickbusch_I_Ganten_D_Moeti_M_eds_Handbook_of_Global_Health/links/60216591299bf1cc26b236ff/Global-Burden-of-Diabetes-Mellitus-In-Haring-R-Kickbusch-I-Ganten-D-Moeti-M-eds-Handbook-of-Global-Health.pdf","",69,"2021-07-31 10:57:06","PDF","","","",,,,,0,0.00,0,3,1,"… 7.0 mmol/L (126 mg/dl) and 2 hours plasma glucosea 7.8 and < 11.1 mmol/L (140 mg/dl and 200 mg/dl) Impaired fasting glucose (IFG) Fasting … Among adults age 20–79, the prevalence of diabetes ranged from 4% in Nigeria to more than 20% in American Samoa (21%), Fiji (22 …","https://www.researchgate.net/profile/Selva-Mani-6/publication/349053332_Global_Burden_of_Diabetes_Mellitus_In_Haring_R_Kickbusch_I_Ganten_D_Moeti_M_eds_Handbook_of_Global_Health/links/60216591299bf1cc26b236ff/Global-Burden-of-Diabetes-Mellitus-In-Haring-R-Kickbusch-I-Ganten-D-Moeti-M-eds-Handbook-of-Global-Health.pdf","https://scholar.google.com/scholar?q=related:hr7vtPrVwXMJ:scholar.google.com/&scioq=%22impaired+fasting+glucose%22+nigeria&hl=en&as_sdt=0,5&as_ylo=2021&as_yhi=2021&as_vis=1"
0,"AM Sekokotla, JE Iputo, CR Sewani-Rusike…","Serum Magnesium and High-sensitive C-reactive Proteins in Hypertensive, Obese Female School Learners.",2021,"West Indian Medical …","mona.uwi.edu","https://www.mona.uwi.edu/fms/wimj/system/files/article_pdfs/wimj-iss1-2021_32_37.pdf","",70,"2021-07-31 10:57:06","PDF","","","",,,,,0,0.00,0,4,1,"… REFERENCES 1. Kandala NB, Stranges S. Geographic variation of overweight and obesity among women in Nigeria: a case for … Prevalence of diabetes and impaired fasting glucose levels among US adolescents: National Health and Nutrition Examination Survey, 1999–2002 …","https://www.mona.uwi.edu/fms/wimj/system/files/article_pdfs/wimj-iss1-2021_32_37.pdf","https://scholar.google.com/scholar?q=related:bHdh3_rHgLkJ:scholar.google.com/&scioq=%22impaired+fasting+glucose%22+nigeria&hl=en&as_sdt=0,5&as_ylo=2021&as_yhi=2021&as_vis=1"
0,"T Tilaye, B Chala","Assessment of acute complications of diabetes mellitus using clinical records of diabetic patients in Adama Hospital Medical College, Oromia Regional State …",2021,"Journal of Diabetology","journalofdiabetology.org","https://www.journalofdiabetology.org/article.asp?issn=2078-7685;year=2021;volume=12;issue=2;spage=151;epage=156;aulast=Tilaye","",71,"2021-07-31 10:57:06","HTML","","","",,,,,0,0.00,0,2,1,"… 5. 6. Chijioke A, Adamu AN, Makusidi M Mortality patterns among type 2 diabetes mellitus patients in Ilorin, Nigeria … Prevalence of diabetes and impaired fasting glucose in adults in the US Population: National Health and Nutrition Examination survey 1999-2002 …","https://www.journalofdiabetology.org/article.asp?issn=2078-7685;year=2021;volume=12;issue=2;spage=151;epage=156;aulast=Tilaye","https://scholar.google.com/scholar?q=related:R8i5eNAGzl8J:scholar.google.com/&scioq=%22impaired+fasting+glucose%22+nigeria&hl=en&as_sdt=0,5&as_ylo=2021&as_yhi=2021&as_vis=1"
0,"MM SHALABI, RIM ISMAEL, FM HABIB, JP PRINCE…","Assessment of common maternal risk factors related to gestational diabetes among pregnant women in KAMC, Riyadh",2021,"","repository.ajsrp.com","https://repository.ajsrp.com/xmlui/handle/123456789/1261","",72,"2021-07-31 10:57:06","","","","",,,,,0,0.00,0,5,1,"Page 1. Journal of Medical and Pharmaceutical Sciences Issue (4), Volume (2) December 2018 ISSN: 2522-333X DOI : 10.26389/AJSRP.M130818 ) 27 ( Available online: www.ajsrp.com Assessment of common maternal risk factors related to gestational diabetes …","https://repository.ajsrp.com/xmlui/bitstream/handle/123456789/1261/03.pdf?sequence=1","https://scholar.google.com/scholar?q=related:FCaQH7F-BYQJ:scholar.google.com/&scioq=%22impaired+fasting+glucose%22+nigeria&hl=en&as_sdt=0,5&as_ylo=2021&as_yhi=2021&as_vis=1"
0,"M Yovera-Aldana, S Sáenz-Bustamante…","Nationwide prevalence and clinical characteristics of inpatient diabetic foot complications: A Peruvian multicenter study",2021,"Primary Care …","Elsevier","https://www.sciencedirect.com/science/article/pii/S1751991821000346","",73,"2021-07-31 10:57:06","","","","",,,,,0,0.00,0,3,1,"JavaScript is disabled on your browser. Please enable JavaScript to use all the features on this page. Skip to main content Skip to article …","https://www.researchgate.net/profile/Sofia-Saenz/publication/349848417_Nationwide_prevalence_and_clinical_characteristics_of_inpatient_diabetic_foot_complications_A_Peruvian_multicenter_study/links/609a0393458515d3150f3129/Nationwide-prevalence-and-clinical-characteristics-of-inpatient-diabetic-foot-complications-A-Peruvian-multicenter-study.pdf","https://scholar.google.com/scholar?q=related:gDnFWi19OvIJ:scholar.google.com/&scioq=%22impaired+fasting+glucose%22+nigeria&hl=en&as_sdt=0,5&as_ylo=2021&as_yhi=2021&as_vis=1"
0,"FX Ndayambaje, JB Gahutu, S Peter","Prevalence and risk factors for the metabolic syndrome among patients with epilepsy attending a neuropsychiatric hospital in Kigali, Rwanda",,"ijasrm.com","","http://ijasrm.com/wp-content/uploads/2021/04/IJASRM_V6S3_1803_01_08.pdf","",74,"2021-07-31 10:57:06","PDF","","","",,,,,0,0.00,0,3,,"… region, the prevalence of MetS was found to be as follows: South Africa, 18.5% [23]; Ghana, 15.0% [24]; Nigeria, 25.2% [25 … communicable Diseases Risk Factors Report released in 2015 pointed out that in the general population of Rwanda, impaired fasting glucose levels and …","http://ijasrm.com/wp-content/uploads/2021/04/IJASRM_V6S3_1803_01_08.pdf","https://scholar.google.com/scholar?q=related:xAqh-nmQubgJ:scholar.google.com/&scioq=%22impaired+fasting+glucose%22+nigeria&hl=en&as_sdt=0,5&as_ylo=2021&as_yhi=2021&as_vis=1"
0,"CK Ajaero, N De Wet-Billings…","The prevalence and contextual correlates of non-communicable diseases among inter-provincial migrants and non-migrants in South Africa",2021,"BMC Public …","bmcpublichealth.biomedcentral.com","https://bmcpublichealth.biomedcentral.com/articles/10.1186/s12889-021-11044-9","",75,"2021-07-31 10:57:06","HTML","10.1186/s12889-021-11044-9","","",,,,,0,0.00,0,3,1,"The socioeconomic conditions of different environments manifest in varying experiences of illnesses. Even as migrants do transit across these different environments for various reasons, including settlement, they are bound to have peculiar experiences of diseases, which could be …","https://bmcpublichealth.biomedcentral.com/articles/10.1186/s12889-021-11044-9","https://scholar.google.com/scholar?q=related:IOliAiPKiToJ:scholar.google.com/&scioq=%22impaired+fasting+glucose%22+nigeria&hl=en&as_sdt=0,5&as_ylo=2021&as_yhi=2021&as_vis=1"
0,"MD Molla, A Bekele, DS Melka…","Hyperuricemia and Its Associated Factors Among Adult Staff Members of the Ethiopian Public Health Institute, Ethiopia",2021,"… Journal of General …","ncbi.nlm.nih.gov","https://www.ncbi.nlm.nih.gov/pmc/articles/PMC8068485/","",76,"2021-07-31 10:57:06","HTML","","","",,,,,0,0.00,0,4,1,"","https://www.ncbi.nlm.nih.gov/pmc/articles/PMC8068485/","https://scholar.google.com/scholar?q=related:AFBhmsIMhhUJ:scholar.google.com/&scioq=%22impaired+fasting+glucose%22+nigeria&hl=en&as_sdt=0,5&as_ylo=2021&as_yhi=2021&as_vis=1"
0,"M Isac, A Biju, AB Mathew, TS Francis","Metabolic syndrome and its clinical correlates among patients attending a tertiary referral hospital in central Kerala, India",,"gjmedph.com","","https://gjmedph.com/Uploads/O3_Metabolic%20Syndrome%20Kerala_FINAL.pdf","",77,"2021-07-31 10:57:06","PDF","","","",,,,,0,0.00,0,4,,"… In a hospital-based study of type-2 diabetics in Nigeria, men and women in the 35-80 years age group showed similar prevalence.35 In the US population overall, age- adjusted prevalence is similar for women and men, but African-American women have a 57% higher …","https://gjmedph.com/Uploads/O3_Metabolic%20Syndrome%20Kerala_FINAL.pdf","https://scholar.google.com/scholar?q=related:szuX1f6LICUJ:scholar.google.com/&scioq=%22impaired+fasting+glucose%22+nigeria&hl=en&as_sdt=0,5&as_ylo=2021&as_yhi=2021&as_vis=1"
0,"P Pertiwi, DA Perwitasari…","Validation of Finnish Diabetes Risk Score Indonesia Version in Yogyakarta",2021,"Borneo Journal of …","journal.umpalangkaraya.ac.id","http://journal.umpalangkaraya.ac.id/index.php/bjop/article/view/1575","",78,"2021-07-31 10:57:06","","","","",,,,,0,0.00,0,3,1,"Page 1. Borneo Journal of Pharmacy http://journal.umpalangkaraya.ac.id/index.php/ bjop/article/view/1575 Vol 4 Issue 1 February 2021 DOI: https://doi.org/10.33084/bjop. v4i1.1575 Page 57 – 67 e-ISSN: 2621-4814 INTRODUCTION …","http://journal.umpalangkaraya.ac.id/index.php/bjop/article/download/1575/1634","https://scholar.google.com/scholar?q=related:I5upgppoi5sJ:scholar.google.com/&scioq=%22impaired+fasting+glucose%22+nigeria&hl=en&as_sdt=0,5&as_ylo=2021&as_yhi=2021&as_vis=1"
0,"MS Ellulu, IA Naser, SM Abuhajar…","Determination of risk factors associated with inflammation in hypertensive patients with type-2 diabetes mellitus in a Palestinian Diabetes Study",2021,"… Medical Research and …","Taylor & Francis","https://www.tandfonline.com/doi/abs/10.1080/03007995.2021.1941826","",79,"2021-07-31 10:57:06","","10.1080/03007995.2021.1941826","","",,,,,0,0.00,0,4,1,"… [Google Scholar]; Ogah OS, Okpechi I, Chukwuonye II, Akinyemi JO, Onwubere BJ, Falase AO, et al. (2012). Blood pressure, prevalence of hypertension and hypertension related complications in Nigerian Africans: A review. World Journal of Cardiology 4(12): 327-340 …","https://www.researchgate.net/profile/Mohammed-S-Ellulu/publication/352389847_Determination_of_risk_factors_associated_with_inflammation_in_hypertensive_patients_with_type-2_diabetes_mellitus_in_a_Palestinian_Diabetes_Study/links/60d58cb4a6fdcca0ddbce53e/Determination-of-risk-factors-associated-with-inflammation-in-hypertensive-patients-with-type-2-diabetes-mellitus-in-a-Palestinian-Diabetes-Study.pdf","https://scholar.google.com/scholar?q=related:tfKAu0TlCQcJ:scholar.google.com/&scioq=%22impaired+fasting+glucose%22+nigeria&hl=en&as_sdt=0,5&as_ylo=2021&as_yhi=2021&as_vis=1"
0,"I Baryla, E Pluciennik, K Kośla, M Wojcik, A Zieleniak…","Identification of a novel association for the WWOX/HIF1A axis with gestational diabetes mellitus (GDM)",2021,"PeerJ","peerj.com","https://peerj.com/articles/10604/","",80,"2021-07-31 10:57:06","HTML","","","",,,,,0,0.00,0,6,1,"… Prediabetes was recognized either through fasting plasma glucose (FPG) between 100 and 125 mg/dl (ie, impaired fasting glucose, IFG) or through the blood glucose level between 140 and 199 mg/dl (ie, impaired glucose tolerance, IGT) at 2-h OGTT (Zalecenia kliniczne …","https://peerj.com/articles/10604/","https://scholar.google.com/scholar?q=related:8-yGmN-CK0MJ:scholar.google.com/&scioq=%22impaired+fasting+glucose%22+nigeria&hl=en&as_sdt=0,5&as_ylo=2021&as_yhi=2021&as_vis=1"
0,"F León-Jiménez, D Barreto-Pérez…","Health Status Evaluation of Type 2 Diabetics from Two Northern Hospitals of Peru",2021,"","researchsquare.com","https://www.researchsquare.com/article/rs-199691/latest.pdf","",81,"2021-07-31 10:57:06","PDF","","","",,,,,0,0.00,0,3,1,"… Ozdemir, during 2017, in a cross-sectional study of 150 T2D patients with from an endocrinology clinic from Nigeria, found a statistically … Prevalence of diabetes and impaired fasting glucose in Peru: report from PERUDIAB, a national urban populationbased longitudinal study …","https://www.researchsquare.com/article/rs-199691/latest.pdf","https://scholar.google.com/scholar?q=related:kY6jOvK71ccJ:scholar.google.com/&scioq=%22impaired+fasting+glucose%22+nigeria&hl=en&as_sdt=0,5&as_ylo=2021&as_yhi=2021&as_vis=1"
3,"MA Găman, EC Dobrică, MA Cozma, NI Antonie…","Crosstalk of Magnesium and Serum Lipids in Dyslipidemia and Associated Disorders: A Systematic Review",2021,"Nutrients","mdpi.com","https://www.mdpi.com/2072-6643/13/5/1411","https://scholar.google.com/scholar?cites=11635056622667607204&as_sdt=2005&sciodt=0,5&hl=en",82,"2021-07-31 10:57:06","","","","",,,,,3,3.00,1,5,1,"Dyslipidemia is a significant threat to public health worldwide and the identification of its pathogenic mechanisms, as well as novel lipid-lowering agents, are warranted. Magnesium (Mg) is a key element to human health and its deficiency has been linked to the development …","https://www.mdpi.com/2072-6643/13/5/1411/pdf","https://scholar.google.com/scholar?q=related:pKyoZ1oGeKEJ:scholar.google.com/&scioq=%22impaired+fasting+glucose%22+nigeria&hl=en&as_sdt=0,5&as_ylo=2021&as_yhi=2021&as_vis=1"
0,"F Umukoro","Metabolic syndrome and tooth loss among migrants in Finland.",2021,"","erepo.uef.fi","https://erepo.uef.fi/bitstream/handle/123456789/25387/urn_nbn_fi_uef-20210808.pdf?sequence=-1","",83,"2021-07-31 10:57:06","PDF","","","",,,,,0,0.00,0,1,1,"… EGIR European Group for the study of Insulin Resistance HDL High-density lipoprotein IDF International Diabetes Federation IFG Impaired fasting glucose IGT Impaired glucose tolerance IL Interleukin IOM International organization for migration IR Insulin resistance …","https://erepo.uef.fi/bitstream/handle/123456789/25387/urn_nbn_fi_uef-20210808.pdf?sequence=-1","https://scholar.google.com/scholar?q=related:d1Xg5PYm-T8J:scholar.google.com/&scioq=%22impaired+fasting+glucose%22+nigeria&hl=en&as_sdt=0,5&as_ylo=2021&as_yhi=2021&as_vis=1"
0,"LD Regassa, A Tola","Magnitude and predictors of hospital admission, readmission, and length of stay among patients with type 2 diabetes at public hospitals of Eastern Ethiopia: a …",2021,"BMC Endocrine Disorders","bmcendocrdisord.biomedcentral …","https://bmcendocrdisord.biomedcentral.com/articles/10.1186/s12902-021-00744-3","",84,"2021-07-31 10:57:06","HTML","10.1186/s12902-021-00744-3","","",,,,,0,0.00,0,2,1,"Type 2 Diabetes (T2D) represents one of the leading causes for hospital admissions and outpatient visits. Hence, T2D continuously imposes a significant burden to healthcare systems. The aim of this study was to assess predictors of hospital admission, readmission rates, and length …","https://bmcendocrdisord.biomedcentral.com/articles/10.1186/s12902-021-00744-3","https://scholar.google.com/scholar?q=related:QWxStsTI_PQJ:scholar.google.com/&scioq=%22impaired+fasting+glucose%22+nigeria&hl=en&as_sdt=0,5&as_ylo=2021&as_yhi=2021&as_vis=1"
0,"LSB Dahman, OM Barahman, MA Humam…","Elevated Liver Enzymes and Incident Type Two Diabetes Mellitus Risk in Yemeni Patients",2021,"","researchsquare.com","https://www.researchsquare.com/article/rs-152758/latest.pdf","",85,"2021-07-31 10:57:06","PDF","","","",,,,,0,0.00,0,4,1,"… (2008) Increased alanine aminotransferase level and future risk of type 2 diabetes and impaired fasting glucose among the employees in a university hospital in Thailand. Diabetes Metab 34: 283-289 … Diabetic Patients in Os ogbo, Nigeria. Greener J Med Sci 3: 174-178 …","https://www.researchsquare.com/article/rs-152758/latest.pdf","https://scholar.google.com/scholar?q=related:qVGLriC5ZqgJ:scholar.google.com/&scioq=%22impaired+fasting+glucose%22+nigeria&hl=en&as_sdt=0,5&as_ylo=2021&as_yhi=2021&as_vis=1"
0,"M SÖZEN, B ÇETİNASLAN, Z CANTÜRK…","Could Inflammation Related Hemogram Parameters Be an Indicator of Diabetes Mellitus?",,"… Sağlık Bilimleri Dergisi","dergipark.org.tr","https://dergipark.org.tr/en/pub/kusbed/issue/59476/757832","",86,"2021-07-31 10:57:06","","","","",,,,,0,0.00,0,4,,"… height (m). Patients were divided into 3 groups according to OGTT results; normal OGTT, prediabetes (impaired glucose tolerance [IGT] and impaired fasting glucose [IFG]) and … Toryila J., Amadi K, Adelaiye A. Platelet counts and mean platelet volume amongst elderly Nigerians …","https://dergipark.org.tr/en/download/article-file/1168650","https://scholar.google.com/scholar?q=related:faCnbeG6ayQJ:scholar.google.com/&scioq=%22impaired+fasting+glucose%22+nigeria&hl=en&as_sdt=0,5&as_ylo=2021&as_yhi=2021&as_vis=1"
0,"SS Qi, ML Shao, Z Sun, SM Chen, YJ Hu…","Lycopene ameliorates diabetic osteoporosis via anti-inflammatory, anti-oxidation, and increasing Osteoprotegerin/RANKL expression ratio",2021,"Journal of Functional …","Elsevier","https://www.sciencedirect.com/science/article/pii/S1756464621001882","",87,"2021-07-31 10:57:06","HTML","","","",,,,,0,0.00,0,6,1,"JavaScript is disabled on your browser. Please enable JavaScript to use all the features on this page. Skip to main content Skip to article …","https://www.sciencedirect.com/science/article/pii/S1756464621001882","https://scholar.google.com/scholar?q=related:j_Ygbiurav8J:scholar.google.com/&scioq=%22impaired+fasting+glucose%22+nigeria&hl=en&as_sdt=0,5&as_ylo=2021&as_yhi=2021&as_vis=1"
0,"LSB Dahman, MA Humam, NS Musiaan…","Elevated Liver Enzymes and its Association with Type Two Diabetes Mellitus: The Occurrence in Yemeni Population",2021,"Int J Endocrinol …","researchgate.net","https://www.researchgate.net/profile/Lotfi-Bin-Dahman/publication/351366320_Elevated_Liver_Enzymes_and_its_Association_with_Type_Two_Diabetes_Mellitus_The_Occurrence_in_Yemeni_Population/links/6094547792851c490fbf98df/Elevated-Liver-Enzymes-and-its-Association-with-Type-Two-Diabetes-Mellitus-The-Occurrence-in-Yemeni-Population.pdf","",88,"2021-07-31 10:57:06","PDF","","","",,,,,0,0.00,0,4,1,"Page 1 …","https://www.researchgate.net/profile/Lotfi-Bin-Dahman/publication/351366320_Elevated_Liver_Enzymes_and_its_Association_with_Type_Two_Diabetes_Mellitus_The_Occurrence_in_Yemeni_Population/links/6094547792851c490fbf98df/Elevated-Liver-Enzymes-and-its-Association-with-Type-Two-Diabetes-Mellitus-The-Occurrence-in-Yemeni-Population.pdf","https://scholar.google.com/scholar?q=related:DHhHOCY7T60J:scholar.google.com/&scioq=%22impaired+fasting+glucose%22+nigeria&hl=en&as_sdt=0,5&as_ylo=2021&as_yhi=2021&as_vis=1"
0,"Y Jiang, Y Dou, H Chen, Y Zhang…","Performance of waist-to-height ratio as a screening tool for identifying cardiometabolic risk in children: a meta-analysis",2021,"Diabetology & …","dmsjournal.biomedcentral.com","https://dmsjournal.biomedcentral.com/articles/10.1186/s13098-021-00688-7","",89,"2021-07-31 10:57:06","HTML","10.1186/s13098-021-00688-7","","",,,,,0,0.00,0,5,1,"To provide the latest evidence of performance and robustness of waist-to-height ratio (WHtR) in discriminating clusters of cardiometabolic risk factors (CMRs) and promote WHtR in routine primary health care practice in children, a meta-analysis was used. Searches was performed …","https://dmsjournal.biomedcentral.com/articles/10.1186/s13098-021-00688-7","https://scholar.google.com/scholar?q=related:AD3K6UzhxcgJ:scholar.google.com/&scioq=%22impaired+fasting+glucose%22+nigeria&hl=en&as_sdt=0,5&as_ylo=2021&as_yhi=2021&as_vis=1"
0,"GJ Nowicki, B Ślusarska, K Naylor…","The Relationship Between the Metabolic Syndrome and the Place of Residence in the Local Community on the Example of the Janów Lubelski District in …",2021,"… and Obesity: Targets …","ncbi.nlm.nih.gov","https://www.ncbi.nlm.nih.gov/pmc/articles/PMC8110259/","",90,"2021-07-31 10:57:06","HTML","","","",,,,,0,0.00,0,4,1,"","https://www.ncbi.nlm.nih.gov/pmc/articles/PMC8110259/","https://scholar.google.com/scholar?q=related:SxEP0sm8VTEJ:scholar.google.com/&scioq=%22impaired+fasting+glucose%22+nigeria&hl=en&as_sdt=0,5&as_ylo=2021&as_yhi=2021&as_vis=1"
0,"UKC Board","The Management of Glycaemic Control in Patients with Cancer",2021,"","diabetestimes.co.uk","https://diabetestimes.co.uk/wp-content/uploads/2021/05/JBDS-17-Oncology-Guideline-final-21.05.21.pdf","",91,"2021-07-31 10:57:06","PDF","","","",,,,,0,0.00,0,1,1,"Page 1. The Management of Glycaemic Control in Patients with Cancer Guidance for the diabetes and oncology multidisciplinary teams Report of a working party on behalf of the UK Chemotherapy Board and Joint British Diabetes Societies for Inpatient Care May 2021 Page 2. 2 …","https://diabetestimes.co.uk/wp-content/uploads/2021/05/JBDS-17-Oncology-Guideline-final-21.05.21.pdf","https://scholar.google.com/scholar?q=related:-TBOXBVnM7QJ:scholar.google.com/&scioq=%22impaired+fasting+glucose%22+nigeria&hl=en&as_sdt=0,5&as_ylo=2021&as_yhi=2021&as_vis=1"
0,"VG Pluimakers, SS van Santen, M Fiocco…","Can biomarkers be used to improve diagnosis and prediction of metabolic syndrome in childhood cancer survivors? A systematic review",2021,"Obesity …","Wiley Online Library","https://onlinelibrary.wiley.com/doi/abs/10.1111/obr.13312","",92,"2021-07-31 10:57:06","","10.1111/obr.13312","","",,,,,0,0.00,0,4,1,"Page 1. PEDIATRIC OBESITY/OBESITY COMORBIDITY Can biomarkers be used to improve diagnosis and prediction of metabolic syndrome in childhood cancer survivors? A systematic review Vincent G. Pluimakers1 | Selveta S. van Santen1,2 | Marta Fiocco1,3,4 …","https://onlinelibrary.wiley.com/doi/pdf/10.1111/obr.13312",""
0,"FX Kasujja, F Nuwaha, M Daivadanam, J Kiguli…","Understanding the diagnostic delays and pathways for diabetes in eastern Uganda: A qualitative study",2021,"PloS one","journals.plos.org","https://journals.plos.org/plosone/article?id=10.1371/journal.pone.0250421","",93,"2021-07-31 10:57:06","HTML","","","",,,,,0,0.00,0,5,1,"… is growing evidence of co-morbidity and negative outcomes among individuals suffering from communicable diseases such as tuberculosis and diabetes [8, 9]. In Uganda, about half of all individuals with diabetes and 9 in 10 of those with impaired fasting glucose are unaware …","https://journals.plos.org/plosone/article?id=10.1371/journal.pone.0250421","https://scholar.google.com/scholar?q=related:JX24WWZ8PiUJ:scholar.google.com/&scioq=%22impaired+fasting+glucose%22+nigeria&hl=en&as_sdt=0,5&as_ylo=2021&as_yhi=2021&as_vis=1"
2,"A Sathiyaseelan, K Saravanakumar, AVA Mariadoss…","Antimicrobial and Wound Healing Properties of FeO Fabricated Chitosan/PVA Nanocomposite Sponge",2021,"Antibiotics","mdpi.com","https://www.mdpi.com/1096620","https://scholar.google.com/scholar?cites=17734678535336002043&as_sdt=2005&sciodt=0,5&hl=en",94,"2021-07-31 10:57:06","","","","",,,,,2,2.00,1,4,1,"Diabetic and anemia-associated diabetic wounds increase the considerable morbidity and mortality in people, as reported by clinical studies. However, no anemia-associated diabetic wound dressing materials have been developed until now. Hence, this study aimed to develop …","https://www.mdpi.com/2079-6382/10/5/524/pdf","https://scholar.google.com/scholar?q=related:-4FyYCo8HvYJ:scholar.google.com/&scioq=%22impaired+fasting+glucose%22+nigeria&hl=en&as_sdt=0,5&as_ylo=2021&as_yhi=2021&as_vis=1"
0,"S Nyirongo, PK Mukwato, EM Musenge…","Adherence to Treatment by Patients with Type 2 Diabetes Mellitus at Monze Mission Hospital, Monze, Zambia",2021,"Open Journal of …","scirp.org","https://www.scirp.org/journal/paperinformation.aspx?paperid=108107","",95,"2021-07-31 10:57:06","HTML","","","",,,,,0,0.00,0,4,1,"Background: Diabetes mellitus (DM) is one of the most common non-communicable diseases and among the leading causes of disability, morbidity and mortality globally. The study assessed adherence to treatment by type 2 DM patients aged 20 years and above at Monze Mission …","https://www.scirp.org/journal/paperinformation.aspx?paperid=108107","https://scholar.google.com/scholar?q=related:3Q93F_THO4MJ:scholar.google.com/&scioq=%22impaired+fasting+glucose%22+nigeria&hl=en&as_sdt=0,5&as_ylo=2021&as_yhi=2021&as_vis=1"
0,"AM Queener, SE Chiarella, L Cuervo-Pardo…","Metabolism of Epithelial Cells in Health and Allergic Disease: Collegium Internationale Allergologicum Update 2021",2021,"… Archives of Allergy and …","karger.com","https://www.karger.com/Article/Abstract/516809","",96,"2021-07-31 10:57:06","","","","",,,,,0,0.00,0,4,1,"… A Nigerian cross- sectional study showed a high prevalence of MetS among asthmatics (17.7%) and poorer asthma control in asth … asthma [7]. A study in Turkey found that patients with asthma had higher insulin resistance (HOMA-IR), impaired fasting glucose, and impaired …","https://www.karger.com/Article/FullText/516809","https://scholar.google.com/scholar?q=related:XD_nuBn2BM8J:scholar.google.com/&scioq=%22impaired+fasting+glucose%22+nigeria&hl=en&as_sdt=0,5&as_ylo=2021&as_yhi=2021&as_vis=1"
0,"AT Odularu, PA Ajibade","Challenge of diabetes mellitus and researchers' contributions to its control",2021,"Open Chemistry","degruyter.com","https://www.degruyter.com/document/doi/10.1515/chem-2020-0153/html","",97,"2021-07-31 10:57:06","HTML","10.1515/chem-2020-0153","","",,,,,0,0.00,0,2,1,"… about 1.2 million Nigerians, 841,000 South Africans, 552,000 Congolese, 550,000 Ethiopians, and 380,000 Tanzanians [25]. In terms of medical attention, the top five countries with the highest costs of diabetes' treatment are South Africa, Kenya, Zimbabwe, Nigeria, and Ghana …","https://www.degruyter.com/document/doi/10.1515/chem-2020-0153/html","https://scholar.google.com/scholar?q=related:1fvJrFMKXOcJ:scholar.google.com/&scioq=%22impaired+fasting+glucose%22+nigeria&hl=en&as_sdt=0,5&as_ylo=2021&as_yhi=2021&as_vis=1"
0,"S Amiri","Obesity and overweight prevalence in immigration: A Meta-analysis",2021,"Obesity Medicine","Elsevier","https://www.sciencedirect.com/science/article/pii/S245184762100004X","",98,"2021-07-31 10:57:06","","","","",,,,,0,0.00,0,1,1,"","","https://scholar.google.com/scholar?q=related:C0Ig2uxQasQJ:scholar.google.com/&scioq=%22impaired+fasting+glucose%22+nigeria&hl=en&as_sdt=0,5&as_ylo=2021&as_yhi=2021&as_vis=1"
0,"S Wang, N Wang, C Luo, R Zhao, Y Du, H Xie, Y Lu…","Association between maternal dietary quality and gestational diabetes mellitus based on the Diet Balance Index for Pregnancy",2021,"","researchsquare.com","https://www.researchsquare.com/article/rs-413666/latest.pdf","",99,"2021-07-31 10:57:06","PDF","","","",,,,,0,0.00,0,8,1,"Page 1. 1 Association between maternal dietary quality and gestational diabetes 1 mellitus based on the Diet Balance Index for Pregnancy 2 Shanshan Wang1, Ning Wang1, Can Luo1, Rui Zhao1, Yatan Du1, Huihui Xie1, Yuxuan Lu1, 3 …","https://www.researchsquare.com/article/rs-413666/latest.pdf","https://scholar.google.com/scholar?q=related:WLl4oFAywsAJ:scholar.google.com/&scioq=%22impaired+fasting+glucose%22+nigeria&hl=en&as_sdt=0,5&as_ylo=2021&as_yhi=2021&as_vis=1"
0,"SJ Offor, CN Orish, EE Chidi, C Frazzoli…","Blood donation and heavy metal poisoning in developing nations: Any link?",2021,"… and Apheresis Science","Elsevier","https://www.sciencedirect.com/science/article/pii/S1473050221000173","",100,"2021-07-31 10:57:06","","","","",,,,,0,0.00,0,5,1,"… 1Department of Pharmacology and Toxicology, Faculty of Pharmacy, University of Uyo, Uyo, AkwaIbom State, Nigeria … 3Department of Pharmacology, College of Health Sciences, Nnamdi Azikiwe University, Nnewi Campus, Anambra State, Nigeria …","https://www.academia.edu/download/66071821/blood_donation.pdf","https://scholar.google.com/scholar?q=related:FnlCnsrkLDsJ:scholar.google.com/&scioq=%22impaired+fasting+glucose%22+nigeria&hl=en&as_sdt=0,5&as_ylo=2021&as_yhi=2021&as_vis=1"
0,"RE Halvorsen","Supplemental Tables",,"nutrition.bmj.com","","https://nutrition.bmj.com/content/bmjnph/early/2021/07/01/bmjnph-2020-000218/DC1/embed/inline-supplementary-material-1.pdf?download=true","",101,"2021-07-31 10:57:06","","","","",,,,,0,0.00,0,1,,"… J Community Health 2014 Feb;39(1):99-107. (29) Yin Y, Han W, Wang Y, Zhang Y, Wu S, Zhang H, Jiang L, Wang R, Zhang P, Yu Y, Li B. Identification of Risk Factors Affecting Impaired Fasting Glucose and Diabetes in Adult Patients from Northeast China …","",""
0,"World Health Organization","Report of expert and stakeholder consultations on the WHO Global Diabetes Compact",2021,"","apps.who.int","https://apps.who.int/iris/handle/10665/340322","",102,"2021-07-31 10:57:06","","","","",,,,,0,0.00,0,1,1,"… diabetes is available. There is also lack of evidence on the effectiveness of interventions for impaired fasting glucose, intermediate elevated HbA1c and other definitions of high risk of diabetes other than IGT. Moreover, there …","https://apps.who.int/iris/bitstream/handle/10665/340322/9789240019782-eng.pdf?sequence=1",""
0,"S Lamesgin","Association of ABO-Rhesus Blood (RH) Groups with Type-2 Diabetes Mellitus Among Follow up Cases in Injibara General Hospital Awi Zone, Northwest Ethiopia:-A …",2021,"","ir.bdu.edu.et","http://ir.bdu.edu.et/handle/123456789/11986","",103,"2021-07-31 10:57:06","","","","",,,,,0,0.00,0,1,1,"… More than half of the adults with diabetes in Africa live in some of the regions are having a large population such as South Africa, the Democratic Republic of Congo, Nigeria and Ethiopia (Mutyambizi et al., 2018). Ethiopia is …","https://ir.bdu.edu.et/bitstream/handle/123456789/11986/LAMESGIN%20SINISHAW%20WONDIM%20THESIS.pdf?sequence=1&isAllowed=y","https://scholar.google.com/scholar?q=related:KldmewAz1bwJ:scholar.google.com/&scioq=%22impaired+fasting+glucose%22+nigeria&hl=en&as_sdt=0,5&as_ylo=2021&as_yhi=2021&as_vis=1"
0,"I Jayasvasti, M Jayasvasti, S Pengpid…","Participants' Views on Lifestyle Intervention Program Enhancing Long-Term Health-Related Behaviors Improvement among Prehypertension and/or Prediabetes …",2021,"… : The Journal of …","journals.sagepub.com","https://journals.sagepub.com/doi/abs/10.1177/00469580211025209","",104,"2021-07-31 10:57:06","","10.1177/00469580211025209","","",,,,,0,0.00,0,4,1,"This study aimed to investigate the view of prediabetes and prehypertension elderly patients living around temple on long-term self-management in proficient way underneath the lifestyle interventio...","https://journals.sagepub.com/doi/pdf/10.1177/00469580211025209","https://scholar.google.com/scholar?q=related:VSV7klM6QNAJ:scholar.google.com/&scioq=%22impaired+fasting+glucose%22+nigeria&hl=en&as_sdt=0,5&as_ylo=2021&as_yhi=2021&as_vis=1"
0,"JGC Angeles, JC Villanueva, LYC Uy, SMQ Mercado…","Legumes as Functional Food for Cardiovascular Disease",2021,"Applied Sciences","mdpi.com","https://www.mdpi.com/2076-3417/11/12/5475","",105,"2021-07-31 10:57:06","","","","",,,,,0,0.00,0,5,1,"Legumes are an essential food source worldwide. Their high-quality proteins, complex carbohydrates, dietary fiber, and relatively low-fat content make these an important functional food. Known to possess a multitude of health benefits, legume consumption is associated with …","https://www.mdpi.com/2076-3417/11/12/5475/pdf","https://scholar.google.com/scholar?q=related:GpEv2OxXSe0J:scholar.google.com/&scioq=%22impaired+fasting+glucose%22+nigeria&hl=en&as_sdt=0,5&as_ylo=2021&as_yhi=2021&as_vis=1"
4,"BJ Muhialdin, N Zawawi, AFA Razis, J Bakar, M Zarei","Antiviral activity of fermented foods and their probiotics bacteria towards respiratory and alimentary tracts viruses",2021,"Food Control","Elsevier","https://www.sciencedirect.com/science/article/pii/S0956713521002784","https://scholar.google.com/scholar?cites=300009450212969788&as_sdt=2005&sciodt=0,5&hl=en",106,"2021-07-31 10:57:06","","","","",,,,,4,4.00,1,5,1,"","https://www.ncbi.nlm.nih.gov/pmc/articles/PMC8036130/","https://scholar.google.com/scholar?q=related:PE00ZQHZKQQJ:scholar.google.com/&scioq=%22impaired+fasting+glucose%22+nigeria&hl=en&as_sdt=0,5&as_ylo=2021&as_yhi=2021&as_vis=1"
0,"MA Seyed, S Ayesha","Modern Phytomedicine in Treating Diabetic Foot Ulcer: Progress and Opportunities",2021,"Diabetic Foot Ulcer","Springer","https://link.springer.com/chapter/10.1007/978-981-15-7639-3_18","",107,"2021-07-31 10:57:06","","10.1007/978-981-15-7639-3_18","","",,,,,0,0.00,0,2,1,"A wound is a disrupted state of tissue, caused either by physical, chemical, microbial, or immunological insults. Diabetes Mellitus (DM) is a global health problem and its incidence is rapidly...","","https://scholar.google.com/scholar?q=related:dfGkJ-ThVBEJ:scholar.google.com/&scioq=%22impaired+fasting+glucose%22+nigeria&hl=en&as_sdt=0,5&as_ylo=2021&as_yhi=2021&as_vis=1"
0,"JS Asati","Factors Affecting Medical Nutritional Therapy among Type 2 Diabetes Patients at Kenyatta National Hospital, Nairobi, Kenya",2021,"","ir.jkuat.ac.ke","http://ir.jkuat.ac.ke/handle/123456789/5517","",108,"2021-07-31 10:57:06","","","","",,,,,0,0.00,0,1,1,"… of people with diabetes, including Ethiopia (2.6 million), South Africa (1.8 million), Democratic Republic of Congo (1.7 million), and Nigeria (1.7 million) (IDF, 2017) … impaired fasting glucose, and that weight loss (for overweight people) can substantially …","","https://scholar.google.com/scholar?q=related:5Ucb-ERd_70J:scholar.google.com/&scioq=%22impaired+fasting+glucose%22+nigeria&hl=en&as_sdt=0,5&as_ylo=2021&as_yhi=2021&as_vis=1"
0,"A Ohakosim","American Association of Diabetes Educators 7 Intervention in Managing Type 2",2021,"","search.proquest.com","https://search.proquest.com/openview/186f59f80910361323fd34f77d1fa9d6/1?pq-origsite=gscholar&cbl=18750&diss=y","",109,"2021-07-31 10:57:06","","","","",,,,,0,0.00,0,1,1,"… Diabetes mellitus type 2. Diabetes mellitus type 2 (T2DM) is a long-term metabolic disorder characterized by impaired glucose tolerance, impaired fasting glucose, cellular insulin resistance, failure of pancreatic islet β-cells, and a wide range of associated complications …","","https://scholar.google.com/scholar?q=related:llyOXZXY5XkJ:scholar.google.com/&scioq=%22impaired+fasting+glucose%22+nigeria&hl=en&as_sdt=0,5&as_ylo=2021&as_yhi=2021&as_vis=1"
0,"IC Hernández Bermúdez","Efectividad del ejercicio físico en pacientes con prediabetes sobre el control glucémico: Protocolo para una revisión sistemática",,"repositorio.unal.edu.co","","https://repositorio.unal.edu.co/handle/unal/79729","",110,"2021-07-31 10:57:06","","","","",,,,,0,0.00,0,1,,"Page 1. EFECTIVIDAD DEL EJERCICIO FÍSICO EN PACIENTES CON PREDIABETES SOBRE EL CONTROL GLUCÉMICO: PROTOCOLO PARA UNA REVISIÓN SISTEMÁTICA Ivonne Carolina Hernández Bermúdez Universidad Nacional de Colombia …","https://repositorio.unal.edu.co/bitstream/handle/unal/79729/Efectividad%20del%20ejercicio%20f%C3%ADsico%20en%20pacientes%20con%20prediabetes%20sobre%20el%20control%20gluc%C3%A9mico.%20Protocolo%20para%20una%20revisi%C3%B3n%20sistem%C3%A1tica.pdf?sequence=2&isAllowed=y",""
0,"Т Чжен, Т Киселева","CLINICAL AND MORPHOLOGICAL CHARACTERISTICS OF NON-FUNCTIONAL ADRENAL ADENOMA",,"raem.org.ar","","http://www.raem.org.ar/numeros/2021-vol58/suplemento/iceI-virtual-2021-abstracts-ebook.pdf","",111,"2021-07-31 10:57:06","PDF","","","",,,,,0,0.00,0,2,,"… hospital Ikeja Lagos NIgeria, 2 Endocrinology Unit Department of Internal Medicine, Lagos State University College of Medicine Ikeja , 3Endocrinology Unit Department of Internal Medicine, College of Medicine Lagos University Teaching Hospital Idi Araba, Lagos, Nigeria …","http://www.raem.org.ar/numeros/2021-vol58/suplemento/iceI-virtual-2021-abstracts-ebook.pdf","https://scholar.google.com/scholar?q=related:PdotJY6kTh0J:scholar.google.com/&scioq=%22impaired+fasting+glucose%22+nigeria&hl=en&as_sdt=0,5&as_ylo=2021&as_yhi=2021&as_vis=1"
0,"S Bhandari, AS Shaktawat, A Tak, J Shukla, J Gupta…","COVID-19 AND DIABETES",2021,"","journals.viamedica.pl","https://journals.viamedica.pl/clinical_diabetology/issue/downloadFile/5216","",112,"2021-07-31 10:57:06","PDF","","","",,,,,0,0.00,0,6,1,"… Jebur, Muntadher A. Hasan, Marwan SM Al-Nimer _____ 123 Hypergonadotropic hypogonadism in Nigerian men with … If impaired fasting glucose (IFG) and/or impaired glucose tolerance (IGT) develops, preclinical stage 2 diabetes may …","https://journals.viamedica.pl/clinical_diabetology/issue/downloadFile/5216","https://scholar.google.com/scholar?q=related:UW8YNV-G9QEJ:scholar.google.com/&scioq=%22impaired+fasting+glucose%22+nigeria&hl=en&as_sdt=0,5&as_ylo=2021&as_yhi=2021&as_vis=1"
0,"MEÇ DAZIROĞLU, A Nilüfer","YAŞLI BİREYLERİN POSA TÜKETİMLERİNİN DEĞERLENDİRİLMESİ",,"5. ULUSLARARASI BESLENME OBEZİTE …","researchgate.net","https://www.researchgate.net/profile/Goekce-Cakmak-Kafadar/publication/352738270_FITOKIMYASALLAR_VE_HASLAMA_YONTEMININ_CESITLI_SEBZELERDEKI_FITOKIMYASALLARA_ETKISI/links/60d5c5c6299bf1ea9ebb9ee3/FITOKIMYASALLAR-VE-HASLAMA-YOeNTEMININ-CESITLI-SEBZELERDEKI-FITOKIMYASALLARA-ETKISI.pdf#page=127","",113,"2021-07-31 10:57:06","PDF","","","",,,,,0,0.00,0,2,,"Page 127. TAM METİN SÖZEL SUNUMLAR 127 YAŞLI BİREYLERİN POSA TÜKETİMLERİNİN DEĞERLENDİRİLMESİ Merve Esra ÇITAR DAZIROĞLU1, Nilüfer ACAR TEK1 1Gazi Üniversitesi, Sağlık Bilimleri Fakültesi, Ankara …","https://www.researchgate.net/profile/Goekce-Cakmak-Kafadar/publication/352738270_FITOKIMYASALLAR_VE_HASLAMA_YONTEMININ_CESITLI_SEBZELERDEKI_FITOKIMYASALLARA_ETKISI/links/60d5c5c6299bf1ea9ebb9ee3/FITOKIMYASALLAR-VE-HASLAMA-YOeNTEMININ-CESITLI-SEBZELERDEKI-FITOKIMYASALLARA-ETKISI.pdf#page=127",""
